kemp_votes,County,Precinct,abrams_votes,metz_votes,county
699,Appling,1B,78,3,APPLING
498,Appling,1C,40,1,APPLING
399,Appling,2,761,2,APPLING
519,Appling,3A1,15,2,APPLING
727,Appling,3C,203,3,APPLING
571,Appling,4B,13,1,APPLING
888,Appling,4D,80,4,APPLING
555,Appling,5A,77,2,APPLING
570,Appling,5B,90,5,APPLING
833,Atkinson,Pearson County,115,3,ATKINSON
392,Atkinson,Axson,26,0,ATKINSON
487,Atkinson,Willacoochee,245,4,ATKINSON
163,Atkinson,Pearson City,250,2,ATKINSON
3321,Bacon,Douglas,488,20,BACON
75,Baker,Anna,21,0,BAKER
119,Baker,Elmodel,118,1,BAKER
84,Baker,Hoggard Mill,88,0,BAKER
112,Baker,Milford,60,2,BAKER
363,Baker,Newton,246,2,BAKER
158,Baldwin,South Mill,499,5,BALDWIN
132,Baldwin,City Hall Annex,302,3,BALDWIN
108,Baldwin,Boddie,503,5,BALDWIN
97,Baldwin,Courthouse,156,5,BALDWIN
158,Baldwin,Fire Dept,655,7,BALDWIN
733,Baldwin,North Mill,660,7,BALDWIN
1154,Baldwin,Meriweather,658,11,BALDWIN
1375,Baldwin,East Baldwin,1003,24,BALDWIN
356,Baldwin,Scottsboro,224,3,BALDWIN
1720,Baldwin,North Baldwin,606,12,BALDWIN
626,Baldwin,West Baldwin,538,11,BALDWIN
102,Baldwin,East Hardwick,461,0,BALDWIN
338,Baldwin,West Hardwick,1257,5,BALDWIN
678,Baldwin,Coopers,263,10,BALDWIN
723,Banks,Anderson,82,5,BANKS
429,Banks,Baldwin,76,1,BANKS
196,Banks,Berlin,15,0,BANKS
373,Banks,Bushville,32,2,BANKS
228,Banks,Columbia,16,1,BANKS
829,Banks,Davids,100,12,BANKS
413,Banks,Golden Hill,57,5,BANKS
304,Banks,Grove River,21,2,BANKS
364,Banks,Hollingsworth,39,1,BANKS
730,Banks,Homer,69,10,BANKS
864,Banks,Poplar Springs,80,6,BANKS
356,Banks,Washington,39,8,BANKS
340,Banks,Wilmonts,19,4,BANKS
1283,Barrow,01 Bethlehem Community Center,339,19,BARROW
1711,Barrow,02 Bethlehem Church - 211,407,24,BARROW
1221,Barrow,03 Bramlett Elementary School,310,15,BARROW
981,Barrow,04 Westside Middle School,302,13,BARROW
1923,Barrow,05 Fire Station 1 (Statham),689,30,BARROW
858,Barrow,06 Winder Barrow High School,310,9,BARROW
1127,Barrow,07 Statham Elementary School,531,30,BARROW
1374,Barrow,08 First Baptist Church,348,26,BARROW
1571,Barrow,09 Lions Club,386,19,BARROW
733,Barrow,10 Leisure Services Center,653,11,BARROW
1243,Barrow,11 Apalachee High School,557,35,BARROW
1149,Barrow,12 Midway United Methodist Church,292,24,BARROW
957,Barrow,13 Winder Community Center,353,26,BARROW
523,Barrow,14 Cedar Creek Baptist Church,129,9,BARROW
1572,Barrow,15 County Line Elementary School,308,14,BARROW
1934,Barrow,16 The Church at Winder,982,39,BARROW
2740,Bartow,ADAIRSVILLE,549,33,BARTOW
1440,Bartow,ALLATOONA,472,31,BARTOW
2169,Bartow,CARTERSVILLE EAST,1139,30,BARTOW
3044,Bartow,CARTERSVILLE WEST,1243,48,BARTOW
4131,Bartow,CASSVILLE,1392,59,BARTOW
1826,Bartow,CENTER,395,33,BARTOW
1281,Bartow,EMERSON,291,14,BARTOW
2120,Bartow,EUHARLEE,608,37,BARTOW
705,Bartow,FOLSOM,73,7,BARTOW
1185,Bartow,KINGSTON,206,18,BARTOW
1636,Bartow,MISSION ROAD,509,16,BARTOW
1088,Bartow,PINE LOG,119,16,BARTOW
1410,Bartow,TAYLORSVILLE,132,13,BARTOW
1268,Bartow,WHITE,194,17,BARTOW
1689,Bartow,ZENA DRIVE,975,29,BARTOW
663,Bartow,WOODLAND HIGH,206,8,BARTOW
1005,Ben_Hill,East,1049,8,BEN_HILL
2533,Ben_Hill,West,922,16,BEN_HILL
618,Berrien,West Berrien,34,2,BERRIEN
816,Berrien,Ray City,151,10,BERRIEN
2842,Berrien,Nashville,488,19,BERRIEN
512,Berrien,Enigma,55,5,BERRIEN
523,Berrien,Alapaha,170,2,BERRIEN
22,Bibb,EAST MACON 1,826,1,BIBB
92,Bibb,EAST MACON 2,1992,5,BIBB
479,Bibb,EAST MACON 3,1298,11,BIBB
56,Bibb,EAST MACON 4,1160,5,BIBB
278,Bibb,EAST MACON 5,1098,5,BIBB
220,Bibb,GODFREY 1,2627,19,BIBB
51,Bibb,GODFREY 2,677,2,BIBB
124,Bibb,GODFREY 3,1362,6,BIBB
83,Bibb,GODFREY 4,820,1,BIBB
241,Bibb,GODFREY 5,2084,11,BIBB
168,Bibb,HAZZARD 1,1509,8,BIBB
1018,Bibb,HAZZARD 2,1290,16,BIBB
987,Bibb,HAZZARD 3,2693,14,BIBB
945,Bibb,HAZZARD 4,496,10,BIBB
1597,Bibb,HOWARD 1,1136,15,BIBB
1775,Bibb,HOWARD 2,767,13,BIBB
3058,Bibb,HOWARD 3,2263,48,BIBB
547,Bibb,HOWARD 4,494,17,BIBB
421,Bibb,HOWARD 5,462,10,BIBB
762,Bibb,HOWARD 6,578,18,BIBB
1178,Bibb,HOWARD 7,603,16,BIBB
2181,Bibb,RUTLAND 1,1405,13,BIBB
1386,Bibb,RUTLAND 2,673,18,BIBB
554,Bibb,VINEVILLE 1,1273,28,BIBB
272,Bibb,VINEVILLE 2,829,11,BIBB
94,Bibb,VINEVILLE 3,1406,10,BIBB
193,Bibb,VINEVILLE 4,1863,11,BIBB
841,Bibb,VINEVILLE 5,578,20,BIBB
894,Bibb,VINEVILLE 6,916,21,BIBB
1156,Bibb,WARRIOR 1,556,6,BIBB
1287,Bibb,WARRIOR 2,745,10,BIBB
3816,Bleckley,FAIRGROUND,997,42,BLECKLEY
1769,Brantley,Hoboken,96,7,BRANTLEY
1890,Brantley,Nahunta,194,15,BRANTLEY
1536,Brantley,Waynesville,169,13,BRANTLEY
778,Brooks,Quitman,1118,7,BROOKS
158,Brooks,Barwick,53,1,BROOKS
315,Brooks,Dixie,319,3,BROOKS
919,Brooks,Briggs,227,6,BROOKS
245,Brooks,Pavo,85,2,BROOKS
352,Brooks,Nankin,56,1,BROOKS
734,Brooks,Morven,314,3,BROOKS
843,Bryan,Pembroke,408,7,BRYAN
964,Bryan,Danielsiding,310,23,BRYAN
903,Bryan,Ellabell,198,9,BRYAN
1059,Bryan,Black Creek,260,8,BRYAN
476,Bryan,Ways Station,363,10,BRYAN
862,Bryan,RH Rec Complex,567,17,BRYAN
1361,Bryan,J.F. Gregory Park,423,22,BRYAN
1770,Bryan,Keller,650,38,BRYAN
1630,Bryan,HWY 144 East,725,20,BRYAN
623,Bryan,Public Safety Complex,402,11,BRYAN
316,Bulloch,Lockhart,122,3,BULLOCH
1180,Bulloch,Emit,504,22,BULLOCH
1501,Bulloch,Statesboro,1645,13,BULLOCH
681,Bulloch,Portal,250,5,BULLOCH
2186,Bulloch,Fair,1198,32,BULLOCH
1462,Bulloch,Church,1553,33,BULLOCH
851,Bulloch,Pittman Park,1478,31,BULLOCH
473,Bulloch,Leefield,74,4,BULLOCH
1002,Bulloch,Blitch,294,8,BULLOCH
882,Bulloch,Hagin,455,8,BULLOCH
1459,Bulloch,Brooklet,381,16,BULLOCH
880,Bulloch,Stilson,154,8,BULLOCH
791,Bulloch,Bay,113,5,BULLOCH
534,Bulloch,Nevils,125,5,BULLOCH
281,Bulloch,Sinkhole,39,3,BULLOCH
306,Bulloch,Register,170,5,BULLOCH
131,Burke,Alexander,108,1,BURKE
802,Burke,Four Points,381,10,BURKE
194,Burke,Girard,225,1,BURKE
109,Burke,Gough,152,0,BURKE
361,Burke,Greenscut,219,0,BURKE
84,Burke,Keysville,123,1,BURKE
114,Burke,Midville,146,2,BURKE
107,Burke,Munnerlyn,65,1,BURKE
330,Burke,Sardis,200,0,BURKE
58,Burke,Scotts Crossroads,114,2,BURKE
284,Burke,Telfair,249,3,BURKE
138,Burke,St. Clair,124,1,BURKE
99,Burke,Vidette,93,0,BURKE
396,Burke,North Waynesboro,1115,5,BURKE
1072,Burke,South Waynesboro,782,14,BURKE
131,Burke,Blakeney,171,1,BURKE
6358,Butts,BUTTS CO ADMIN BLDG,2451,54,BUTTS
205,Calhoun,Leary,259,0,CALHOUN
299,Calhoun,Morgan,124,1,CALHOUN
50,Calhoun,Edison,205,1,CALHOUN
149,Calhoun,Edison-Arlington,210,1,CALHOUN
107,Calhoun,Arlington,286,2,CALHOUN
366,Camden,Tarboro,162,6,CAMDEN
670,Camden,Waverly,262,6,CAMDEN
644,Camden,Woodbine,423,10,CAMDEN
300,Camden,Browntown,45,6,CAMDEN
808,Camden,Harrietts Bluff,191,14,CAMDEN
929,Camden,West Kingsland,335,17,CAMDEN
553,Camden,North Kingsland,632,11,CAMDEN
580,Camden,Kingsland,345,12,CAMDEN
1966,Camden,East Kingsland,1041,33,CAMDEN
336,Camden,North St Marys,290,7,CAMDEN
831,Camden,Mary Lee Clark,636,27,CAMDEN
791,Camden,South St Marys,424,8,CAMDEN
873,Camden,Mush Bluff,422,22,CAMDEN
1488,Camden,West Saint Marys,515,16,CAMDEN
1356,Candler,Metter -1685,574,9,CANDLER
1204,Candler,Candler-1736,386,7,CANDLER
611,Carroll,KANSAS (1006),35,3,CARROLL
1184,Carroll,BOWDON (1111),352,19,CARROLL
1588,Carroll,SANDHILL (1122),604,30,CARROLL
944,Carroll,CENTER POINT (1152),103,6,CARROLL
1051,Carroll,MT ZION (1240),196,17,CARROLL
667,Carroll,BURWELL (1371),142,7,CARROLL
1657,Carroll,CLEM (1483),459,22,CARROLL
523,Carroll,BOWDON JUNCTION (1496),178,4,CARROLL
919,Carroll,TYUS (1533),136,11,CARROLL
1732,Carroll,FAIRFIELD (1540),589,16,CARROLL
1156,Carroll,HULETT (1542),217,11,CARROLL
1244,Carroll,BETHANY (501),803,23,CARROLL
1175,Carroll,V R COUNTY SOUTH (640),284,15,CARROLL
1753,Carroll,V R COUNTY NORTH (641),743,31,CARROLL
1492,Carroll,VILLA RICA CITY (642),1508,31,CARROLL
1541,Carroll,TEMPLE COUNTY (649),367,23,CARROLL
1079,Carroll,TEMPLE CITY (650),534,23,CARROLL
975,Carroll,WHITESBURG (682),147,7,CARROLL
1515,Carroll,ROOPVILLE (713),235,21,CARROLL
562,Carroll,WEST CARROLLTON (714A1),1164,17,CARROLL
443,Carroll,LAKESHORE REC (714A2),373,8,CARROLL
1121,Carroll,BONNER (714A3),756,28,CARROLL
637,Carroll,UNIVERSITY OF W. GA (714A4),605,5,CARROLL
764,Carroll,COUNTY ADMIN BLDG (714A5),556,30,CARROLL
556,Carroll,TABERNACLE CHURCH (714A6),283,22,CARROLL
507,Carroll,BURSON (714BN),268,7,CARROLL
1038,Carroll,OLD CAMP CHURCH (714BW),321,15,CARROLL
701,Carroll,OAK GROVE (715),182,7,CARROLL
760,Catoosa,BLACKSTOCK,124,18,CATOOSA
2642,Catoosa,BOYNTON,592,40,CATOOSA
1154,Catoosa,CATOOSA KEITH,213,16,CATOOSA
1334,Catoosa,CHAMBERS,240,11,CATOOSA
1488,Catoosa,FORT OGLETHORPE,466,26,CATOOSA
1787,Catoosa,GRAYSVILLE,436,31,CATOOSA
1183,Catoosa,LAKEVIEW,324,22,CATOOSA
1863,Catoosa,POPLAR SPRINGS,389,24,CATOOSA
3159,Catoosa,RINGGOLD,898,49,CATOOSA
2101,Catoosa,WESTSIDE,635,30,CATOOSA
1384,Catoosa,WOODSTATION,263,20,CATOOSA
525,Charlton,Folkston,657,10,CHARLTON
219,Charlton,GA Bend,11,1,CHARLTON
302,Charlton,St. George,19,0,CHARLTON
435,Charlton,American Legion,37,1,CHARLTON
389,Charlton,Homeland,34,3,CHARLTON
350,Charlton,Folkston Fire Station,44,3,CHARLTON
166,Charlton,Racepond,11,0,CHARLTON
148,Charlton,Winokur,9,1,CHARLTON
836,Chatham,1-01 First Presbyterian Church,1202,30,CHATHAM
478,Chatham,1-05 JEA Building,757,23,CHATHAM
713,Chatham,1-06 Central Chur of Christ,486,21,CHATHAM
550,Chatham,1-08 Grace United Meth Chur,393,6,CHATHAM
138,Chatham,1-09 Immanuel Bapt Church,180,3,CHATHAM
539,Chatham,1-10 Saint Thomas Episcopal Church,206,14,CHATHAM
947,Chatham,1-12 Isle of Hope Baptist,372,8,CHATHAM
467,Chatham,1-13 The Sanctuary,297,8,CHATHAM
674,Chatham,1-14 St Luke Church,351,15,CHATHAM
1194,Chatham,1-16 Ferguson Ave Baptist,408,23,CHATHAM
1356,Chatham,1-17 Islands Christian Church,522,33,CHATHAM
126,Chatham,2-02 Blackshear Comm Ctr,513,6,CHATHAM
77,Chatham,2-03 W. W. Law Center,598,13,CHATHAM
73,Chatham,2-04 Fellowship of Love,1213,6,CHATHAM
74,Chatham,2-05 Holy Spirit Lutheran,890,8,CHATHAM
41,Chatham,2-06 Eli Whitney,232,3,CHATHAM
182,Chatham,2-07 Christ Comm. Church,1091,20,CHATHAM
161,Chatham,2-09 The Salvation Army,1354,13,CHATHAM
109,Chatham,2-11 Stillwell Towers ,679,5,CHATHAM
87,Chatham,2-12 Williams Court,657,7,CHATHAM
106,Chatham,3-01 Old Courthouse,136,6,CHATHAM
328,Chatham,3-02 Rose of Sharon,548,15,CHATHAM
43,Chatham,3-03 Savannah High School,406,3,CHATHAM
38,Chatham,3-04 First African Baptist,659,4,CHATHAM
199,Chatham,3-05 Aldersgate Youth Cent,687,18,CHATHAM
191,Chatham,3-08 Jenkins High School,446,6,CHATHAM
245,Chatham,3-09 Cokesbury Methodist,172,5,CHATHAM
165,Chatham,3-10 Bible Baptist Church,1082,5,CHATHAM
120,Chatham,3-11 Southside Bapt Church,528,2,CHATHAM
437,Chatham,3-12 Thunderbolt Muni. Complex,465,19,CHATHAM
428,Chatham,3-13 New Cov 7 Day Adv Ch,813,9,CHATHAM
258,Chatham,3-14 Oglethorpe,971,7,CHATHAM
222,Chatham,3-15 Eli Whitney Complex,221,8,CHATHAM
781,Chatham,4-02 Frank Murray Comm Ct,479,22,CHATHAM
987,Chatham,4-04 Lighthouse Baptist Ch,397,12,CHATHAM
957,Chatham,4-05 St Francis Episcopal,425,24,CHATHAM
984,Chatham,4-06 First Baptist Church,402,18,CHATHAM
1248,Chatham,4-07 Wilm Is Un Meth Ch,602,19,CHATHAM
1251,Chatham,4-08 Wilmington Island Pr,451,20,CHATHAM
592,Chatham,4-10 Guard House Comm Ctr,346,9,CHATHAM
597,Chatham,4-11 Tybee Island School Cafe,402,9,CHATHAM
1146,Chatham,4-12 St Peters Episcopal,451,19,CHATHAM
1244,Chatham,4-13 Skid Is Pres Church,478,10,CHATHAM
830,Chatham,4-14 Skidaway Island Methodist Church,395,13,CHATHAM
892,Chatham,4-15 Skidaway Island State Park,388,8,CHATHAM
107,Chatham,5-01 Bartlett Middle Sch,353,6,CHATHAM
29,Chatham,5-02 Senior Citizens Cent,279,1,CHATHAM
7,Chatham,5-03 Butler Presbyterian,424,1,CHATHAM
17,Chatham,5-05 Liberty City Comm Ctr,1260,2,CHATHAM
119,Chatham,5-06 Seed Church,846,3,CHATHAM
189,Chatham,5-07 Elks Lodge,607,9,CHATHAM
243,Chatham,5-08 Savannah Primitive,629,4,CHATHAM
48,Chatham,5-10 Jonesville Bapt Church,1431,8,CHATHAM
243,Chatham,5-11 Largo-Tibet Elem,960,12,CHATHAM
310,Chatham,6-01 White Bluff Pres Chr,580,10,CHATHAM
849,Chatham,6-02 Windsor Forest Baptist,613,21,CHATHAM
603,Chatham,6-03 Crusader Comm Ctr,820,8,CHATHAM
332,Chatham,6-05 Windsor Forest Golde,603,11,CHATHAM
356,Chatham,6-06 The Light,338,12,CHATHAM
236,Chatham,6-08 Savannah Commons,720,10,CHATHAM
797,Chatham,6-09 Trinity Lutheran Ch,990,23,CHATHAM
1001,Chatham,6-10 Georgetown Elem,1169,16,CHATHAM
556,Chatham,6-11 Bamboo Farms,1412,15,CHATHAM
381,Chatham,7-01 Garden City Senior Ctr,278,5,CHATHAM
414,Chatham,7-03 P B Edwards Gym,159,8,CHATHAM
301,Chatham,7-04 Lake Shore Comm Ctr,1011,20,CHATHAM
224,Chatham,7-05 Woodlawn Bapt Ch,321,12,CHATHAM
739,Chatham,7-06 Pooler City Hall,688,23,CHATHAM
1542,Chatham,7-07 Rothwell Bapt Ch,1168,28,CHATHAM
940,Chatham,7-08 Bloomingdale Com Ctr,184,11,CHATHAM
491,Chatham,7-09 Savannah Holy,623,12,CHATHAM
597,Chatham,7-10 Progressive Rec Ctr,1086,26,CHATHAM
658,Chatham,7-11 Seventh Day Adv Chr,1266,22,CHATHAM
1240,Chatham,7-12 Pooler Church,1442,29,CHATHAM
999,Chatham,7-13 Southside Fire,506,13,CHATHAM
971,Chatham,7-14 Coastal Cathedral,2229,20,CHATHAM
352,Chatham,7-15 Rice Creek School,687,18,CHATHAM
54,Chatham,8-01 Civic Center,250,1,CHATHAM
120,Chatham,8-02 Hellenic Center,673,13,CHATHAM
223,Chatham,8-03 Silk Hope Bapt Ch,110,1,CHATHAM
9,Chatham,8-05 W Broad St YMCA,487,3,CHATHAM
13,Chatham,8-06 Tompkins Rec Ctr,419,0,CHATHAM
13,Chatham,8-07 Woodville-Tompkins,259,0,CHATHAM
5,Chatham,8-08 Resur Of Our Lord Ch,704,1,CHATHAM
8,Chatham,8-09 Moses Jackson Ctr,562,0,CHATHAM
10,Chatham,8-10 Carver Heights Comm,750,2,CHATHAM
4,Chatham,8-11 Butler Elem School,726,0,CHATHAM
67,Chatham,8-12 Beach High School,369,2,CHATHAM
196,Chatham,8-13 Savannah Christ. Sch,74,5,CHATHAM
43,Chatham,8-15 Garden City Rec Ctr,573,3,CHATHAM
601,Chattahoochee,Chattahoochee Acvitity Center,493,8,CHATTAHOOCHEE
154,Chattooga,CLOUDLAND,54,3,CHATTOOGA
223,Chattooga,PENNVILLE,37,6,CHATTOOGA
95,Chattooga,COLDWATER,61,0,CHATTOOGA
101,Chattooga,DIRTSELLER,15,0,CHATTOOGA
417,Chattooga,LYERLY,80,5,CHATTOOGA
1397,Chattooga,TRION,238,10,CHATTOOGA
1898,Chattooga,SUMMERVILLE,674,20,CHATTOOGA
304,Chattooga,TELOGA,41,1,CHATTOOGA
452,Chattooga,DIRTTOWN,98,4,CHATTOOGA
74,Chattooga,SEMINOLE,11,1,CHATTOOGA
281,Chattooga,SUBLIGNA,28,0,CHATTOOGA
452,Chattooga,ALPINE,94,3,CHATTOOGA
83,Chattooga,HAYWOOD,12,0,CHATTOOGA
1214,Cherokee,AIR ACRES,599,34,CHEROKEE
2165,Cherokee,ARNOLD MILL,756,56,CHEROKEE
1718,Cherokee,AVERY,331,29,CHEROKEE
1914,Cherokee,BALL GROUND,316,26,CHEROKEE
1751,Cherokee,BASCOMB,714,39,CHEROKEE
1620,Cherokee,BELLS,1241,46,CHEROKEE
1725,Cherokee,BOOTH,672,49,CHEROKEE
2292,Cherokee,BRADSHAW,602,31,CHEROKEE
2368,Cherokee,BRIDGEMILL,708,32,CHEROKEE
2617,Cherokee,CANTON,1100,49,CHEROKEE
1253,Cherokee,CARMEL,897,45,CHEROKEE
2173,Cherokee,WOODSTOCK,1354,64,CHEROKEE
1910,Cherokee,CLAYTON,413,30,CHEROKEE
464,Cherokee,CONNS CREEK,38,4,CHEROKEE
1207,Cherokee,DEER RUN,574,25,CHEROKEE
1885,Cherokee,DIXIE,1064,53,CHEROKEE
2760,Cherokee,FREEHOME,630,60,CHEROKEE
2751,Cherokee,HICKORY FLAT,991,52,CHEROKEE
1774,Cherokee,HIGHTOWER,285,37,CHEROKEE
1550,Cherokee,HILLSIDE,555,34,CHEROKEE
1077,Cherokee,HOLLY SPRINGS,343,22,CHEROKEE
1810,Cherokee,KELLOGG,852,59,CHEROKEE
2905,Cherokee,LIBERTY,1309,72,CHEROKEE
2751,Cherokee,LITTLE RIVER,1589,57,CHEROKEE
2439,Cherokee,MACEDONIA,568,47,CHEROKEE
1460,Cherokee,MOUNTAIN ROAD,466,32,CHEROKEE
1478,Cherokee,OAK GROVE,550,34,CHEROKEE
1706,Cherokee,R M MOORE,210,23,CHEROKEE
827,Cherokee,R T JONES,377,17,CHEROKEE
1719,Cherokee,ROSECREEK,625,47,CHEROKEE
337,Cherokee,SALACOA,46,4,CHEROKEE
1447,Cherokee,SIXES,483,37,CHEROKEE
1284,Cherokee,SUTALLEE,218,19,CHEROKEE
3260,Cherokee,TEASLEY,1050,68,CHEROKEE
2610,Cherokee,TOONIGH,1041,59,CHEROKEE
2065,Cherokee,UNION HILL,474,26,CHEROKEE
2496,Cherokee,UNIVETER,525,44,CHEROKEE
1327,Cherokee,VICTORIA,407,22,CHEROKEE
1321,Cherokee,WALESKA,361,22,CHEROKEE
1423,Cherokee,WILDCAT,432,30,CHEROKEE
1233,Cherokee,WOODLANDS,771,56,CHEROKEE
2507,Cherokee,NEESE,1447,68,CHEROKEE
569,Clarke,1A W'ville Train Depot,848,20,CLARKE
272,Clarke,1B E. Athens Baptist,673,4,CLARKE
484,Clarke,1C Barnett Shls School,939,10,CLARKE
706,Clarke,1D Whit Davis School,1153,25,CLARKE
284,Clarke,2A Judia J. Harris Sch,1400,17,CLARKE
197,Clarke,2B Howard Stroud School,1893,19,CLARKE
93,Clarke,3A Clarke Central High,1030,8,CLARKE
412,Clarke,3B Thomas N. Lay Park,1771,28,CLARKE
202,Clarke,4A Athens Transit Ctr,756,17,CLARKE
628,Clarke,4B Memorial Park,1818,47,CLARKE
554,Clarke,5A Oglethorpe School,1314,17,CLARKE
462,Clarke,5B Whitehead Rd School,1170,20,CLARKE
145,Clarke,5C Chase Street School,1251,14,CLARKE
335,Clarke,5D ACC Fleet Mgt Bldg,1023,19,CLARKE
827,Clarke,6A Cleveland Rd School,912,21,CLARKE
802,Clarke,6B Georgia Square Mall,1310,28,CLARKE
764,Clarke,6C Timothy Rd Elem Schl,1074,21,CLARKE
91,Clarke,6D Firestation #4,383,4,CLARKE
614,Clarke,7A Timothy Bptst Church,1043,14,CLARKE
631,Clarke,7B Athens Regional Library,1086,29,CLARKE
635,Clarke,7C Firestation #3,1081,16,CLARKE
210,Clarke,8A Gaines School,631,2,CLARKE
301,Clarke,8B Cedar Shls High Sch,815,15,CLARKE
491,Clarke,8C Firestation #7,1369,20,CLARKE
144,Clay,Bluffton,74,3,CLAY
74,Clay,Zetto,142,1,CLAY
40,Clay,Courthouse,160,0,CLAY
116,Clay,Old Head Start,147,1,CLAY
162,Clay,Day's Cross Roads,115,3,CLAY
183,Clayton,ELLENWOOD,3522,10,CLAYTON
218,Clayton,FOREST PARK 1,1049,15,CLAYTON
158,Clayton,FOREST PARK 2,1024,6,CLAYTON
193,Clayton,FOREST PARK 3,913,5,CLAYTON
248,Clayton,FOREST PARK 4,549,4,CLAYTON
228,Clayton,FOREST PARK 5,1228,11,CLAYTON
191,Clayton,FOREST PARK 6,424,6,CLAYTON
154,Clayton,JONESBORO 1,2229,11,CLAYTON
80,Clayton,JONESBORO 2,2046,7,CLAYTON
340,Clayton,JONESBORO 3,1803,8,CLAYTON
138,Clayton,JONESBORO 4,809,3,CLAYTON
226,Clayton,JONESBORO 5,839,2,CLAYTON
778,Clayton,JONESBORO 6,908,18,CLAYTON
311,Clayton,JONESBORO 7,1399,7,CLAYTON
78,Clayton,JONESBORO 8,1524,1,CLAYTON
104,Clayton,JONESBORO 9,455,2,CLAYTON
121,Clayton,JONESBORO 10,1212,6,CLAYTON
412,Clayton,JONESBORO 11,1746,12,CLAYTON
81,Clayton,JONESBORO 12,1338,1,CLAYTON
153,Clayton,JONESBORO 13,1012,4,CLAYTON
709,Clayton,JONESBORO 14,1722,21,CLAYTON
94,Clayton,JONESBORO 15,942,4,CLAYTON
96,Clayton,JONESBORO 16,965,5,CLAYTON
110,Clayton,JONESBORO 17,1985,7,CLAYTON
153,Clayton,JONESBORO 18,1340,5,CLAYTON
136,Clayton,LAKE CITY,1070,1,CLAYTON
245,Clayton,LOVEJOY 1,1772,9,CLAYTON
149,Clayton,LOVEJOY 2,1327,5,CLAYTON
469,Clayton,LOVEJOY 3,2966,12,CLAYTON
179,Clayton,LOVEJOY 4,1954,3,CLAYTON
103,Clayton,LOVEJOY 5,1404,3,CLAYTON
124,Clayton,MORROW 1,1314,5,CLAYTON
317,Clayton,MORROW 2,641,5,CLAYTON
300,Clayton,MORROW 3,1864,6,CLAYTON
193,Clayton,MORROW 4,710,6,CLAYTON
365,Clayton,MORROW 5,2599,15,CLAYTON
223,Clayton,MORROW 6,1290,5,CLAYTON
151,Clayton,MORROW 7,749,5,CLAYTON
112,Clayton,MORROW 8,1567,2,CLAYTON
94,Clayton,MORROW 9,623,3,CLAYTON
29,Clayton,OAK 1,1154,3,CLAYTON
30,Clayton,OAK 2,758,5,CLAYTON
46,Clayton,OAK 3,1674,4,CLAYTON
47,Clayton,OAK 4,1718,7,CLAYTON
175,Clayton,PANHANDLE 1,1666,7,CLAYTON
427,Clayton,PANHANDLE 2,1398,7,CLAYTON
95,Clayton,RIVERDALE 1,1254,4,CLAYTON
56,Clayton,RIVERDALE 2,1561,2,CLAYTON
82,Clayton,RIVERDALE 3,1634,7,CLAYTON
138,Clayton,RIVERDALE 4,1657,8,CLAYTON
98,Clayton,RIVERDALE 5,1375,12,CLAYTON
156,Clayton,RIVERDALE 6,1157,7,CLAYTON
112,Clayton,RIVERDALE 7,932,2,CLAYTON
134,Clayton,RIVERDALE 8,1490,4,CLAYTON
109,Clayton,RIVERDALE 9,1226,5,CLAYTON
21,Clayton,RIVERDALE 10,1100,3,CLAYTON
48,Clayton,RIVERDALE 11,965,2,CLAYTON
90,Clayton,RIVERDALE 12,1489,4,CLAYTON
61,Clinch,Arabia,5,0,CLINCH
153,Clinch,Argyle,27,0,CLINCH
125,Clinch,Dupont,42,0,CLINCH
131,Clinch,Fargo,18,1,CLINCH
1241,Clinch,Homerville,438,6,CLINCH
1347,Cobb,Acworth 1A,1326,32,COBB
1337,Cobb,Acworth 1B,1046,34,COBB
780,Cobb,Acworth 1C,1473,32,COBB
782,Cobb,Addison 01,669,24,COBB
354,Cobb,Austell 1A,1803,3,COBB
879,Cobb,Bells Ferry 02,752,34,COBB
1751,Cobb,Bells Ferry 03,1406,70,COBB
697,Cobb,Big Shanty 01,623,20,COBB
981,Cobb,Big Shanty 02,799,22,COBB
964,Cobb,Baker 01,1383,42,COBB
466,Cobb,Birney 01,878,15,COBB
740,Cobb,Birney 02,1397,23,COBB
58,Cobb,Bryant 01,1132,3,COBB
93,Cobb,Bryant 02,2153,7,COBB
722,Cobb,Blackwell 01,748,33,COBB
631,Cobb,Chattahoochee 01,2095,37,COBB
1120,Cobb,Cheatham Hill 02,687,35,COBB
1361,Cobb,Cheatham Hill 03,1112,38,COBB
949,Cobb,Chalker 01,1526,45,COBB
339,Cobb,Clarkdale 01,571,7,COBB
751,Cobb,Clarkdale 02,1987,20,COBB
460,Cobb,Cooper 01,1843,13,COBB
1183,Cobb,Chestnut Ridge 01,727,18,COBB
993,Cobb,Dickerson 01,680,36,COBB
509,Cobb,Dobbins 01,1972,35,COBB
934,Cobb,Dowell 01,982,30,COBB
806,Cobb,Dodgen 01,491,25,COBB
1733,Cobb,Durham 01,682,29,COBB
711,Cobb,Davis 01,501,22,COBB
1148,Cobb,Eastside 01,746,23,COBB
1449,Cobb,Eastside 02,1009,41,COBB
494,Cobb,Elizabeth 01,1132,17,COBB
797,Cobb,Elizabeth 02,580,25,COBB
954,Cobb,Elizabeth 03,649,29,COBB
584,Cobb,Elizabeth 04,897,23,COBB
958,Cobb,Elizabeth 05,767,31,COBB
590,Cobb,East Piedmont 01,699,20,COBB
677,Cobb,Fair Oaks 02,1896,24,COBB
541,Cobb,Fair Oaks 04,1287,25,COBB
1121,Cobb,Fullers Park 01,883,34,COBB
1385,Cobb,Ford 01,518,19,COBB
971,Cobb,Frey 01,471,24,COBB
959,Cobb,Garrison Mill 01,724,29,COBB
1202,Cobb,Gritters 01,939,49,COBB
516,Cobb,Harmony-Leland 01,2757,21,COBB
1297,Cobb,Harrison 01,521,41,COBB
1435,Cobb,Hightower 01,982,49,COBB
1572,Cobb,Hayes 01,770,35,COBB
556,Cobb,Kennesaw 1A,590,13,COBB
1004,Cobb,Kennesaw 2A,900,26,COBB
978,Cobb,Kennesaw 3A,1820,28,COBB
934,Cobb,Kennesaw 4A,932,35,COBB
1440,Cobb,Kennesaw 5A,1704,43,COBB
725,Cobb,Kell 01,471,38,COBB
859,Cobb,Kemp 01,341,23,COBB
1434,Cobb,Kemp 02,926,26,COBB
1807,Cobb,Kemp 03,627,32,COBB
1318,Cobb,Lassiter 01,837,36,COBB
595,Cobb,Lindley 01,2166,30,COBB
1404,Cobb,Lost Mountain 01,794,25,COBB
1780,Cobb,Lost Mountain 02,691,19,COBB
2094,Cobb,Lost Mountain 03,1102,44,COBB
1059,Cobb,Lost Mountain 04,545,16,COBB
727,Cobb,Mableton 01,1748,20,COBB
389,Cobb,Mableton 02,949,9,COBB
711,Cobb,Mableton 03,881,23,COBB
465,Cobb,Mableton 04,471,13,COBB
731,Cobb,Mabry 01,346,17,COBB
570,Cobb,Macland 01,1561,13,COBB
1359,Cobb,Murdock 01,909,36,COBB
833,Cobb,McEachern 01,1170,16,COBB
683,Cobb,McCleskey 01,422,18,COBB
1290,Cobb,McClure 01,623,36,COBB
421,Cobb,Marietta 1A,1223,28,COBB
848,Cobb,Marietta 2A,513,29,COBB
956,Cobb,Marietta 2B,1396,25,COBB
1242,Cobb,Marietta 3A,1957,48,COBB
967,Cobb,Marietta 4A,353,19,COBB
556,Cobb,Marietta 4B,557,20,COBB
1106,Cobb,Marietta 4C,604,34,COBB
382,Cobb,Marietta 5A,988,12,COBB
210,Cobb,Marietta 5B,825,20,COBB
223,Cobb,Marietta 6A,854,12,COBB
761,Cobb,Marietta 6B,925,20,COBB
216,Cobb,Marietta 7A,1107,13,COBB
1407,Cobb,Mars Hill 01,451,28,COBB
864,Cobb,Mars Hill 02,611,34,COBB
1453,Cobb,Mount Bethel 01,964,37,COBB
1080,Cobb,Mount Bethel 03,816,33,COBB
1095,Cobb,Mount Bethel 04,726,33,COBB
637,Cobb,North Cobb 01,594,20,COBB
561,Cobb,Nickajack 01,2085,31,COBB
885,Cobb,Norton Park 01,1381,40,COBB
775,Cobb,Nicholson 01,582,29,COBB
860,Cobb,Oakdale 01,1303,38,COBB
666,Cobb,Oregon 01,398,13,COBB
700,Cobb,Oregon 02,2140,31,COBB
556,Cobb,Oregon 03,1695,22,COBB
625,Cobb,Oregon 04,1704,16,COBB
948,Cobb,Oregon 05,1270,21,COBB
385,Cobb,Pebblebrook 01,2125,8,COBB
913,Cobb,Powers Ferry 01,889,33,COBB
1409,Cobb,Pine Mountain 01,653,19,COBB
1457,Cobb,Pine Mountain 02,529,20,COBB
1366,Cobb,Post Oak 01,791,37,COBB
1063,Cobb,Pope 01,742,39,COBB
836,Cobb,Palmer 01,578,29,COBB
764,Cobb,Powder Springs 1A,1711,20,COBB
327,Cobb,Powder Springs 2A,1382,5,COBB
525,Cobb,Powder Springs 3A,1432,23,COBB
860,Cobb,Pitner 01,656,21,COBB
1158,Cobb,Rocky Mount 01,821,30,COBB
61,Cobb,Riverside 01,841,3,COBB
1980,Cobb,Roswell 01,1271,46,COBB
1290,Cobb,Roswell 02,902,38,COBB
886,Cobb,Sandy Plains 01,790,30,COBB
1223,Cobb,Shallowford Falls 01,842,23,COBB
650,Cobb,Simpson 01,474,12,COBB
1072,Cobb,Sewell Mill 01,899,30,COBB
964,Cobb,Sewell Mill 03,1320,50,COBB
365,Cobb,Smyrna 1A,1417,25,COBB
570,Cobb,Smyrna 2A,2104,29,COBB
1184,Cobb,Smyrna 3A,2333,61,COBB
1433,Cobb,Smyrna 4A,1878,52,COBB
547,Cobb,Smyrna 5A,1465,34,COBB
1391,Cobb,Smyrna 6A,2009,49,COBB
1120,Cobb,Smyrna 7A,2534,49,COBB
858,Cobb,Sope Creek 01,551,26,COBB
1377,Cobb,Sope Creek 02,1210,49,COBB
1009,Cobb,Sope Creek 03,628,12,COBB
715,Cobb,Sweetwater 01,1055,18,COBB
264,Cobb,Sweetwater 02,1022,13,COBB
765,Cobb,Terrell Mill 01,1862,37,COBB
891,Cobb,Timber Ridge 01,605,35,COBB
1356,Cobb,Vaughan 01,572,21,COBB
529,Cobb,Vinings 01,1019,18,COBB
1035,Cobb,Vinings 02,2067,39,COBB
774,Cobb,Vinings 03,1533,23,COBB
1135,Cobb,Vinings 04,922,24,COBB
1220,Cobb,Wade Green 02,1331,42,COBB
1052,Cobb,Willeo 01,707,25,COBB
4979,Coffee,Douglas,2582,35,COFFEE
892,Coffee,Ambrose,195,6,COFFEE
146,Coffee,Bridgetown,49,0,COFFEE
965,Coffee,Broxton,307,4,COFFEE
712,Coffee,Nicholls,189,3,COFFEE
501,Coffee,West Green,22,4,COFFEE
292,Colquitt,Shaw,946,4,COLQUITT
1513,Colquitt,Moultrie,822,27,COLQUITT
624,Colquitt,Autreyville,131,6,COLQUITT
673,Colquitt,Bridgecreek,52,6,COLQUITT
109,Colquitt,Crosland,42,1,COLQUITT
244,Colquitt,Doerun,133,5,COLQUITT
581,Colquitt,Funston,86,2,COLQUITT
393,Colquitt,Hamilton,38,3,COLQUITT
267,Colquitt,Hartsfield,14,0,COLQUITT
822,Colquitt,Hopewell,117,3,COLQUITT
459,Colquitt,Lee,65,3,COLQUITT
241,Colquitt,Millcreek,17,1,COLQUITT
751,Colquitt,Monk,115,3,COLQUITT
569,Colquitt,Murphy,61,4,COLQUITT
977,Colquitt,Norman Park,252,6,COLQUITT
431,Colquitt,Robinson,81,2,COLQUITT
135,Colquitt,Thigpen,10,0,COLQUITT
249,Colquitt,Tyty,14,1,COLQUITT
495,Colquitt,Warrior,53,2,COLQUITT
1504,Columbia,Kiokee Baptist Church,199,16,COLUMBIA
1299,Columbia,Lewis Methodist Church,658,24,COLUMBIA
652,Columbia,Woodlawn Baptist Church,201,1,COLUMBIA
1471,Columbia,Patriots Park,822,25,COLUMBIA
1013,Columbia,New Life Church,998,23,COLUMBIA
1477,Columbia,Harlem Branch,670,14,COLUMBIA
1058,Columbia,Bessie Thomas Center,154,11,COLUMBIA
770,Columbia,Philadelphia Church,494,13,COLUMBIA
759,Columbia,Liberty Park,845,16,COLUMBIA
450,Columbia,Grovetown Methodist Church,676,14,COLUMBIA
614,Columbia,G A Apostolic Church,313,6,COLUMBIA
657,Columbia,Grovetown Middle School,863,27,COLUMBIA
584,Columbia,Warren Baptist,804,11,COLUMBIA
755,Columbia,Eubank/Blanchard Center,198,7,COLUMBIA
195,Columbia,Second Mt. Carmel,274,4,COLUMBIA
588,Columbia,Damascus Baptist Church,67,6,COLUMBIA
900,Columbia,Col Cty Bd Of Edu,388,8,COLUMBIA
1423,Columbia,Greenbrier High,467,32,COLUMBIA
1874,Columbia,Redeemer Church,845,36,COLUMBIA
607,Columbia,Riverside Elementary,274,8,COLUMBIA
1258,Columbia,Grace Baptist Church,809,32,COLUMBIA
1065,Columbia,Christ Sanctified,419,16,COLUMBIA
751,Columbia,Blanchard Park,230,11,COLUMBIA
653,Columbia,Mtz Col Fire Dept #4,419,16,COLUMBIA
958,Columbia,Belair Baptist,504,9,COLUMBIA
718,Columbia,Marvin Methodist Church,402,22,COLUMBIA
771,Columbia,Westside Bapt Church,270,9,COLUMBIA
527,Columbia,Trinity Bapt Church,155,4,COLUMBIA
811,Columbia,Abilene Baptist,331,15,COLUMBIA
859,Columbia,Augusta Christian,417,12,COLUMBIA
865,Columbia,Stevens Creek Elem,256,7,COLUMBIA
775,Columbia,Gospel Water Branch,383,9,COLUMBIA
833,Columbia,Genesis Church,346,19,COLUMBIA
1347,Columbia,Stevens Creek Church,526,13,COLUMBIA
416,Columbia,Mtz Col Fire Hdqtr,242,10,COLUMBIA
686,Columbia,Lakeside Middle,335,20,COLUMBIA
631,Columbia,Martinez Baptist,384,11,COLUMBIA
882,Columbia,Gold Cross EMS,277,16,COLUMBIA
776,Columbia,Church of our Savior,465,21,COLUMBIA
1067,Columbia,West Acres Baptist,435,15,COLUMBIA
708,Columbia,Journey Comm. Church,167,9,COLUMBIA
1139,Columbia,Wesley Methodist,426,10,COLUMBIA
874,Columbia,Col Cty Main Library,462,11,COLUMBIA
987,Columbia,Christ Church,323,17,COLUMBIA
866,Columbia,Blue Ridge Elementary,407,19,COLUMBIA
1046,Columbia,Christ The King Luth Ch,391,9,COLUMBIA
491,Cook,Cecil,416,5,COOK
1077,Cook,Delle Beamguard,306,3,COOK
18,Cook,Elm Pine,248,0,COOK
580,Cook,Lenox,148,2,COOK
452,Cook,Massee,76,4,COOK
645,Cook,New Life Bapt. Church,92,0,COOK
686,Cook,Riverbend,78,4,COOK
167,Cook,Sparks,303,2,COOK
2464,Coweta,SENOIA,739,39,COWETA
1342,Coweta,MORELAND,273,22,COWETA
969,Coweta,PINE ROAD,187,14,COWETA
426,Coweta,DRESDEN,99,7,COWETA
671,Coweta,NEWNAN,1021,21,COWETA
2271,Coweta,SHARPSBURG,488,54,COWETA
1844,Coweta,FISCHER ROAD,647,42,COWETA
2576,Coweta,CEDAR CREEK,723,40,COWETA
950,Coweta,GRANTVILLE,445,14,COWETA
1130,Coweta,HARALSON,209,7,COWETA
1533,Coweta,WELCOME,364,24,COWETA
1287,Coweta,PANTHER CREEK,352,13,COWETA
1206,Coweta,RAYMOND,267,15,COWETA
2068,Coweta,TURIN,489,27,COWETA
731,Coweta,SMOKEY ROAD,610,8,COWETA
549,Coweta,CENTRAL,1171,14,COWETA
4741,Coweta,ARTS CENTRE,2166,83,COWETA
1006,Coweta,GREENTOP,586,17,COWETA
871,Coweta,EXPO CENTER,303,27,COWETA
1970,Coweta,WHITE OAK,802,52,COWETA
1800,Coweta,MADRAS,820,29,COWETA
1892,Coweta,CANNONGATE,444,33,COWETA
136,Coweta,WESTSIDE,299,4,COWETA
981,Coweta,NORTHSIDE,464,11,COWETA
2522,Coweta,THOMAS CROSSROADS,657,25,COWETA
819,Coweta,COWETA CENTRAL LIBRARY,198,10,COWETA
1710,Coweta,JEFFERSON PARKWAY,2073,40,COWETA
161,Crawford,1A,125,4,CRAWFORD
246,Crawford,1B,362,2,CRAWFORD
579,Crawford,2,462,2,CRAWFORD
823,Crawford,3,143,18,CRAWFORD
891,Crawford,4,101,8,CRAWFORD
892,Crawford,5,106,3,CRAWFORD
377,Crisp,Arabi,75,1,CRISP
563,Crisp,Coney,50,5,CRISP
2262,Crisp,Cordele,2364,18,CRISP
749,Crisp,Jamestown,62,3,CRISP
474,Crisp,Listonia,18,1,CRISP
381,Dade,SOUTH DADE,79,8,DADE
564,Dade,NEW SALEM,143,6,DADE
847,Dade,DAVIS,91,8,DADE
323,Dade,NEW HOME,48,5,DADE
507,Dade,WEST BROW,133,11,DADE
1174,Dade,TRENTON,184,18,DADE
700,Dade,NORTH DADE,206,14,DADE
1326,Dawson,West,382,16,DAWSON
4572,Dawson,Central,492,48,DAWSON
4045,Dawson,East,644,45,DAWSON
320,Decatur,Mt Pleasant,35,1,DECATUR
324,Decatur,Recovery,74,4,DECATUR
239,Decatur,Kendrick,71,1,DECATUR
490,Decatur,Climax,148,1,DECATUR
388,Decatur,Brinson,102,1,DECATUR
622,Decatur,West Bainbridge,513,3,DECATUR
1960,Decatur,Bainbridge-Coliseum,1137,13,DECATUR
764,Decatur,Bridge-Fairgrounds,814,11,DECATUR
334,Decatur,Attapulgus,668,4,DECATUR
140,DeKalb,ALLGOOD ELEM,1406,4,DEKALB
936,DeKalb,ASHFORD DUNWOODY RD,1055,21,DEKALB
793,DeKalb,ASHFORD PARK ELEM,806,33,DEKALB
924,DeKalb,ASHFORD PARKSIDE,1206,46,DEKALB
1041,DeKalb,AUSTIN,723,25,DEKALB
45,DeKalb,AUSTIN DRIVE,1048,2,DEKALB
530,DeKalb,AVONDALE,1516,42,DEKALB
136,DeKalb,AVONDALE HIGH,1025,15,DEKALB
75,DeKalb,AVONDALE HIGH,838,11,DEKALB
57,DeKalb,BETHUNE MIDDLE,2213,7,DEKALB
37,DeKalb,BOULDERCREST RD,1109,1,DEKALB
226,DeKalb,BOULEVARD,2695,29,DEKALB
348,DeKalb,BRIAR VISTA ELEM,1330,26,DEKALB
601,DeKalb,BRIARCLIFF,1130,26,DEKALB
453,DeKalb,BRIARLAKE ELEM,727,17,DEKALB
501,DeKalb,BRIARWOOD,855,18,DEKALB
501,DeKalb,BROCKETT,997,24,DEKALB
469,DeKalb,BROCKETT ELEM,1024,20,DEKALB
926,DeKalb,BROOKHAVEN,1200,37,DEKALB
49,DeKalb,BROWNS MILL ELEM,2192,6,DEKALB
118,DeKalb,BURGESS ELEM,2023,27,DEKALB
24,DeKalb,CANBY LANE ELEM,1001,3,DEKALB
54,DeKalb,CANDLER,1454,7,DEKALB
106,DeKalb,CANDLER-MURPHEY CAND,1817,9,DEKALB
37,DeKalb,CEDAR GROVE ELEM,2196,3,DEKALB
14,DeKalb,CEDAR GROVE MIDDLE,746,4,DEKALB
42,DeKalb,CEDAR GROVE SOUTH,2168,4,DEKALB
375,DeKalb,CHAMBLEE,756,29,DEKALB
677,DeKalb,CHAMBLEE 2,1080,36,DEKALB
31,DeKalb,CHAPEL HILL ELEM,1780,3,DEKALB
360,DeKalb,CHESNUT ELEM,951,23,DEKALB
316,DeKalb,CLAIREMONT EAST,1901,41,DEKALB
315,DeKalb,CLAIREMONT WEST,1935,28,DEKALB
308,DeKalb,CLAIRMONT ROAD,1362,24,DEKALB
189,DeKalb,CLARKSTON,2299,21,DEKALB
23,DeKalb,CLIFTON,794,0,DEKALB
29,DeKalb,COLUMBIA DRIVE,1013,2,DEKALB
9,DeKalb,COLUMBIA ELEM,664,4,DEKALB
22,DeKalb,COLUMBIA MIDDLE,892,1,DEKALB
154,DeKalb,COAN RECREATION CENTER,2099,29,DEKALB
618,DeKalb,CORALWOOD,1530,22,DEKALB
68,DeKalb,COVINGTON,747,16,DEKALB
7,DeKalb,COVINGTON HIGHWAY,285,2,DEKALB
417,DeKalb,CROSS KEYS HIGH,826,16,DEKALB
60,DeKalb,CROSSROADS,1532,5,DEKALB
340,DeKalb,DORAVILLE NORTH,1102,23,DEKALB
206,DeKalb,DORAVILLE SOUTH,505,18,DEKALB
664,DeKalb,DRESDEN ELEM,1923,41,DEKALB
264,DeKalb,DRUID HILLS HIGH,1457,17,DEKALB
111,DeKalb,DUNAIRE ELEM,1005,4,DEKALB
665,DeKalb,DUNWOODY,1072,34,DEKALB
755,DeKalb,DUNWOODY 2,696,28,DEKALB
1050,DeKalb,DUNWOODY LIBRARY,795,32,DEKALB
213,DeKalb,EAST LAKE,2412,30,DEKALB
406,DeKalb,EMBRY HILLS,707,26,DEKALB
116,DeKalb,EMORY ROAD,786,9,DEKALB
396,DeKalb,EMORY SOUTH,1638,31,DEKALB
289,DeKalb,EPWORTH,2719,31,DEKALB
710,DeKalb,EVANSDALE ELEM,1468,32,DEKALB
38,DeKalb,FAIRINGTON ELEM,2126,3,DEKALB
325,DeKalb,FERNBANK ELEM,1350,21,DEKALB
27,DeKalb,FLAKES MILL FIRE STA,1142,3,DEKALB
30,DeKalb,FLAT ROCK ELEM,1787,2,DEKALB
15,DeKalb,FLAT SHOALS,1052,4,DEKALB
17,DeKalb,FLAT SHOALS ELEM,1066,2,DEKALB
15,DeKalb,FLAT SHOALS LIBRARY,1108,2,DEKALB
39,DeKalb,FLAT SHOALS PARKWAY,1943,5,DEKALB
123,DeKalb,FREEDOM MIDDLE,1422,5,DEKALB
766,DeKalb,GEORGETOWN SQUARE,1337,22,DEKALB
66,DeKalb,GLENHAVEN,835,1,DEKALB
70,DeKalb,GLENNWOOD - 04,564,12,DEKALB
92,DeKalb,GLENNWOOD - 05,776,6,DEKALB
55,DeKalb,GLENWOOD ROAD,890,2,DEKALB
61,DeKalb,GRESHAM ROAD,1806,10,DEKALB
170,DeKalb,HAMBRICK ELEM,1477,9,DEKALB
196,DeKalb,HARRIS-MARGARET HARR,745,17,DEKALB
24,DeKalb,HARRIS-NARVIE J. HAR,2069,7,DEKALB
518,DeKalb,HAWTHORNE ELEM,1603,27,DEKALB
618,DeKalb,HENDERSON MILL,1207,28,DEKALB
485,DeKalb,HUGH HOWELL,734,10,DEKALB
449,DeKalb,HUNTLEY HILLS ELEM,1342,33,DEKALB
228,DeKalb,IDLEWOOD ELEM,965,1,DEKALB
93,DeKalb,INDIAN CREEK,741,5,DEKALB
270,DeKalb,JOHNSON ESTATES,919,13,DEKALB
224,DeKalb,JOLLY ELEM,1389,15,DEKALB
24,DeKalb,KELLEY CHAPEL ROAD,799,4,DEKALB
32,DeKalb,KELLEY LAKE ELEM,1428,8,DEKALB
54,DeKalb,KING-ML KING JR HIGH,2981,7,DEKALB
1038,DeKalb,KINGSLEY ELEM,740,29,DEKALB
54,DeKalb,KNOLLWOOD,1293,9,DEKALB
659,DeKalb,KITTREDGE ELEM,790,19,DEKALB
851,DeKalb,LAKESIDE HIGH,1453,23,DEKALB
430,DeKalb,LAVISTA,1328,28,DEKALB
340,DeKalb,LAVISTA ROAD,1070,20,DEKALB
309,DeKalb,LIN-MARY LIN ELEM,1894,32,DEKALB
49,DeKalb,LITHONIA,674,1,DEKALB
20,DeKalb,LITHONIA HIGH,1631,3,DEKALB
389,DeKalb,LIVSEY ELEM,617,21,DEKALB
23,DeKalb,MARBUT ELEM,2081,3,DEKALB
58,DeKalb,MATHIS-BOB MATHIS EL,1697,3,DEKALB
316,DeKalb,MCLENDON,1718,39,DEKALB
26,DeKalb,MCNAIR ACADEMY,1076,12,DEKALB
131,DeKalb,MCNAIR HIGH,2285,20,DEKALB
45,DeKalb,MCNAIR,1336,3,DEKALB
27,DeKalb,MCWILLIAMS,1466,1,DEKALB
43,DeKalb,MEADOWVIEW,1782,10,DEKALB
316,DeKalb,MEDLOCK,1244,24,DEKALB
60,DeKalb,MEMORIAL SOUTH,1089,3,DEKALB
112,DeKalb,METROPOLITAN,2022,34,DEKALB
940,DeKalb,MIDVALE ELEM,1028,36,DEKALB
200,DeKalb,MIDVALE ROAD,914,9,DEKALB
91,DeKalb,MIDWAY,1251,10,DEKALB
74,DeKalb,MILLER-ELDRIDGE L. M,1732,1,DEKALB
23,DeKalb,MILLER GROVE HIGH,1403,1,DEKALB
19,DeKalb,MILLER GROVE,2034,5,DEKALB
37,DeKalb,MILLER GROVE ROAD,1295,1,DEKALB
120,DeKalb,MONTCLAIR ELEM,921,12,DEKALB
743,DeKalb,MONTGOMERY ELEM,898,29,DEKALB
297,DeKalb,MONTREAL,1149,20,DEKALB
1067,DeKalb,MT. VERNON EAST,828,22,DEKALB
774,DeKalb,MT. VERNON WEST,816,28,DEKALB
142,DeKalb,NORTH DECATUR,934,23,DEKALB
115,DeKalb,NORTH HAIRSTON,1058,7,DEKALB
305,DeKalb,NORTH PEACHTREE,665,22,DEKALB
327,DeKalb,NORTHLAKE,713,18,DEKALB
501,DeKalb,OAK GROVE ELEM,1080,29,DEKALB
23,DeKalb,OAK VIEW ELEM,2580,2,DEKALB
216,DeKalb,OAKCLIFF ELEM,747,17,DEKALB
177,DeKalb,OAKHURST,1928,24,DEKALB
42,DeKalb,PANOLA,813,1,DEKALB
18,DeKalb,PANOLA ROAD,1371,1,DEKALB
24,DeKalb,PANOLA WAY ELEM,975,1,DEKALB
69,DeKalb,PEACHCREST,997,5,DEKALB
534,DeKalb,PEACHTREE MIDDLE,1500,27,DEKALB
36,DeKalb,PINE LAKE,383,8,DEKALB
28,DeKalb,PINEY GROVE,850,5,DEKALB
271,DeKalb,PLEASANTDALE ROAD,1764,16,DEKALB
186,DeKalb,PONCE DE LEON,1609,19,DEKALB
45,DeKalb,PRINCETON ELEM,1310,5,DEKALB
67,DeKalb,RAINBOW ELEM,2115,2,DEKALB
31,DeKalb,REDAN ELEM,1702,4,DEKALB
65,DeKalb,REDAN MIDDLE,1357,3,DEKALB
36,DeKalb,REDAN ROAD,1436,4,DEKALB
33,DeKalb,REDAN-TROTTI LIBRARY,1990,4,DEKALB
368,DeKalb,REHOBOTH,872,29,DEKALB
104,DeKalb,RENFROE MIDDLE,1109,17,DEKALB
41,DeKalb,ROCK CHAPEL ELEM,1562,6,DEKALB
153,DeKalb,ROCK CHAPEL ROAD,2239,3,DEKALB
120,DeKalb,ROCKBRIDGE ELEM,1436,5,DEKALB
80,DeKalb,ROCKBRIDGE ROAD,2351,11,DEKALB
85,DeKalb,ROWLAND ELEM,1578,10,DEKALB
81,DeKalb,ROWLAND ROAD,1067,3,DEKALB
721,DeKalb,SAGAMORE HILLS ELEM,1496,29,DEKALB
46,DeKalb,SALEM MIDDLE,2193,5,DEKALB
294,DeKalb,SCOTT,1484,22,DEKALB
63,DeKalb,SHADOW ROCK ELEM,2386,2,DEKALB
284,DeKalb,SHAMROCK,867,15,DEKALB
113,DeKalb,SHAW-ROBERT SHAW ELE,1435,15,DEKALB
1366,DeKalb,SILVER LAKE,1627,60,DEKALB
563,DeKalb,SKYLAND,704,20,DEKALB
638,DeKalb,SMOKE RISE,861,14,DEKALB
25,DeKalb,SNAPFINGER ELEM,1150,6,DEKALB
39,DeKalb,SNAPFINGER ROAD NORT,1150,2,DEKALB
28,DeKalb,SNAPFINGER ROAD SOUT,1102,5,DEKALB
41,DeKalb,SOUTH DESHON,1802,0,DEKALB
63,DeKalb,SOUTH HAIRSTON,1798,4,DEKALB
92,DeKalb,STEPHENSON HIGH,1801,6,DEKALB
106,DeKalb,STEPHENSON MIDDLE,1978,2,DEKALB
60,DeKalb,STONE MILL ELEM,1118,5,DEKALB
122,DeKalb,STONE MOUNTAIN CHAMP,1198,6,DEKALB
224,DeKalb,STONE MOUNTAIN ELEM,870,4,DEKALB
145,DeKalb,STONE MOUNTAIN,600,8,DEKALB
71,DeKalb,STONE MOUNTAIN MIDDL,885,7,DEKALB
42,DeKalb,STONECREST LIBRARY (STC),1792,4,DEKALB
42,DeKalb,STONEVIEW ELEM,687,1,DEKALB
50,DeKalb,TERRY MILL ELEM,1426,9,DEKALB
552,DeKalb,TILLY MILL ROAD,490,20,DEKALB
22,DeKalb,TONEY ELEM,841,0,DEKALB
885,DeKalb,TUCKER,1352,31,DEKALB
488,DeKalb,TUCKER LIBRARY,1105,21,DEKALB
121,DeKalb,VALLEY BROOK,528,12,DEKALB
3,DeKalb,WADSWORTH - 05,447,0,DEKALB
22,DeKalb,WADSWORTH - 04,997,2,DEKALB
229,DeKalb,WARREN TECH,586,13,DEKALB
33,DeKalb,WESLEY CHAPEL LIBRAR,1843,7,DEKALB
29,DeKalb,WHITE OAK,1267,7,DEKALB
154,DeKalb,WINNONA PARK,1367,15,DEKALB
476,DeKalb,WINTERS CHAPEL,521,21,DEKALB
88,DeKalb,WOODRIDGE ELEM,1846,7,DEKALB
74,DeKalb,WOODROW ROAD,1610,6,DEKALB
386,DeKalb,WOODWARD,1210,20,DEKALB
108,DeKalb,WYNBROOKE ELEM,2101,5,DEKALB
38,DeKalb,YOUNG ROAD,1144,4,DEKALB
197,Dodge,Chauncey,54,0,DODGE
60,Dodge,Clark,2,0,DODGE
466,Dodge,Eddin,195,3,DODGE
245,Dodge,Empire,21,3,DODGE
90,Dodge,Jaybird,42,0,DODGE
255,Dodge,Jones,35,1,DODGE
1752,Dodge,Lee,1002,11,DODGE
196,Dodge,McCranie,30,1,DODGE
179,Dodge,Milan,34,2,DODGE
198,Dodge,Mitchell,52,0,DODGE
232,Dodge,Mullis,65,1,DODGE
268,Dodge,Plainfield,26,0,DODGE
379,Dodge,Pondtown,112,1,DODGE
434,Dodge,Rawlins,128,1,DODGE
128,Dodge,Vilula,5,0,DODGE
134,Dodge,Yonker,11,0,DODGE
169,Dooly,LILLY,166,1,DOOLY
207,Dooly,BYROMVILLE,211,1,DOOLY
505,Dooly,UNADILLA,502,4,DOOLY
864,Dooly,VIENNA,800,5,DOOLY
255,Dooly,PINEHURST,102,1,DOOLY
887,Dougherty,Palmyra Rd Meth Church,1404,18,DOUGHERTY
623,Dougherty,Sherwood Elem School,945,9,DOUGHERTY
593,Dougherty,Covenant Pres Church,557,7,DOUGHERTY
1287,Dougherty,Greenbriar Church,1129,4,DOUGHERTY
899,Dougherty,Westover High School,1134,14,DOUGHERTY
763,Dougherty,Merry Acres Middle,594,9,DOUGHERTY
450,Dougherty,Darton College,1693,5,DOUGHERTY
72,Dougherty,Westtown Elem School,1537,0,DOUGHERTY
470,Dougherty,Second Mt. Zion,343,4,DOUGHERTY
13,Dougherty,Mt. Zion Center,1463,1,DOUGHERTY
5,Dougherty,Alice Coachman Elem,444,1,DOUGHERTY
4,Dougherty,Carver Teen Center,580,4,DOUGHERTY
11,Dougherty,Shiloh Baptist Church,542,0,DOUGHERTY
21,Dougherty,Litman Cathedral,536,0,DOUGHERTY
102,Dougherty,Phoebe Healthworks,464,2,DOUGHERTY
13,Dougherty,Turner Elem School,299,1,DOUGHERTY
16,Dougherty,Jackson Heights Elem,1071,3,DOUGHERTY
68,Dougherty,Bill Miller Center,965,0,DOUGHERTY
110,Dougherty,Radium Middle School,268,3,DOUGHERTY
735,Dougherty,Putney 1st Bapt Church,827,7,DOUGHERTY
121,Dougherty,International Studie,430,2,DOUGHERTY
138,Dougherty,Phoebe East,1059,3,DOUGHERTY
362,Dougherty,Pine Bluff Bapt Church,748,8,DOUGHERTY
54,Dougherty,Albany Middle School,796,0,DOUGHERTY
889,Dougherty,Christ Church,476,3,DOUGHERTY
32,Dougherty,Lamar Reese Elem School,610,1,DOUGHERTY
560,Dougherty,First Christian Church,402,5,DOUGHERTY
6,Dougherty,Lovett Hall,506,2,DOUGHERTY
1478,Douglas,MIRROR LAKE ELEMENTA,1657,31,DOUGLAS
421,Douglas,WINSTON,570,3,DOUGLAS
2275,Douglas,DOG RIVER LIBRARY,649,30,DOUGLAS
124,Douglas,COLONIAL HILLS,1484,7,DOUGLAS
1907,Douglas,EPHESUS BAPTIST CHUR,486,28,DOUGLAS
1874,Douglas,PRAYS MILL GYM,1162,34,DOUGLAS
825,Douglas,TURNER,1071,21,DOUGLAS
487,Douglas,FIRST BAPTIST - LITHIA SPRINGS,442,19,DOUGLAS
487,Douglas,LITHIA HIGH SCHOOL,2596,13,DOUGLAS
626,Douglas,DEER LICK,841,11,DOUGLAS
265,Douglas,GOLDEN METHODIST CH,2149,12,DOUGLAS
821,Douglas,OLD COURTHOUSE,1575,23,DOUGLAS
948,Douglas,BEULAH,847,13,DOUGLAS
170,Douglas,STEWART,1233,5,DOUGLAS
507,Douglas,ARBOR STATION,939,19,DOUGLAS
816,Douglas,BRIGHT STAR,551,18,DOUGLAS
1106,Douglas,DORSETT SHOALS,744,27,DOUGLAS
622,Douglas,CHAPEL HILL,1571,26,DOUGLAS
1187,Douglas,CHURCH AT CHAPEL HILL,2353,16,DOUGLAS
565,Douglas,CHESTNUT LOG,1499,11,DOUGLAS
671,Douglas,ST JULIANS EPISCOPAL,478,9,DOUGLAS
970,Douglas,LUTHERAN CHURCH - GS,1425,18,DOUGLAS
673,Douglas,FIRST BAPTIST CHURCH,831,16,DOUGLAS
633,Douglas,FACTORY SHOALS,1659,18,DOUGLAS
297,Douglas,BOUNDARY WATERS,1964,5,DOUGLAS
264,Early,Arlington,304,4,EARLY
685,Early,Blakely,1060,4,EARLY
477,Early,Cedar Springs,158,1,EARLY
477,Early,Cuba,240,0,EARLY
378,Early,Urquhart,78,1,EARLY
1008,Echols,Statenville,126,9,ECHOLS
876,Effingham,1A,178,6,EFFINGHAM
1274,Effingham,1B,214,15,EFFINGHAM
599,Effingham,1C,145,12,EFFINGHAM
993,Effingham,1D,133,11,EFFINGHAM
1346,Effingham,2A,311,21,EFFINGHAM
1259,Effingham,2B,371,18,EFFINGHAM
1742,Effingham,2C,581,31,EFFINGHAM
614,Effingham,3A,149,2,EFFINGHAM
596,Effingham,3B,308,6,EFFINGHAM
841,Effingham,3C,208,10,EFFINGHAM
1144,Effingham,3D,442,12,EFFINGHAM
1507,Effingham,4A,404,22,EFFINGHAM
663,Effingham,4B,304,13,EFFINGHAM
1192,Effingham,4C,186,25,EFFINGHAM
1263,Effingham,5A,279,14,EFFINGHAM
1352,Effingham,5B,667,31,EFFINGHAM
705,Effingham,5C,261,8,EFFINGHAM
1127,Elbert,Elberton,994,8,ELBERT
302,Elbert,Longstreet,77,0,ELBERT
421,Elbert,Eliam,80,5,ELBERT
198,Elbert,Petersburg,32,2,ELBERT
530,Elbert,Wyche,207,3,ELBERT
198,Elbert,Moss-Ruckersville,69,3,ELBERT
596,Elbert,Pike,329,5,ELBERT
298,Elbert,Gaines,40,4,ELBERT
756,Elbert,Goshen,170,2,ELBERT
213,Elbert,Webbsboro,53,3,ELBERT
483,Elbert,Centerville,105,6,ELBERT
386,Emanuel,Oak Park,30,4,EMANUEL
48,Emanuel,Cross-Green,103,1,EMANUEL
2307,Emanuel,Swainsboro,1380,13,EMANUEL
230,Emanuel,Summertown,67,3,EMANUEL
189,Emanuel,Stillmore,110,3,EMANUEL
451,Emanuel,Blundale,19,0,EMANUEL
340,Emanuel,Canoochee,80,2,EMANUEL
248,Emanuel,Garfield,60,5,EMANUEL
171,Emanuel,Nunez,45,1,EMANUEL
614,Emanuel,Twin City,333,4,EMANUEL
411,Emanuel,Adrian,50,2,EMANUEL
2392,Evans,Veteran's Comm Ctr,1040,15,EVANS
588,Fannin,COLWELL,111,9,FANNIN
482,Fannin,FAIRPLAY,122,5,FANNIN
1401,Fannin,FLINTHILL,219,11,FANNIN
613,Fannin,HEMPTOWN,117,10,FANNIN
581,Fannin,HOTHOUSE,115,8,FANNIN
885,Fannin,MINERAL BLUFF,131,6,FANNIN
511,Fannin,MOBILE,92,3,FANNIN
968,Fannin,MORGANTON,191,17,FANNIN
463,Fannin,NOONTOOTLA,101,5,FANNIN
177,Fannin,SKENIAH,38,2,FANNIN
1118,Fannin,SUGAR CREEK,227,10,FANNIN
1505,Fannin,TOCCOA,342,17,FANNIN
532,Fayette,BLACKROCK,1274,12,FAYETTE
1430,Fayette,BROOKS,206,18,FAYETTE
241,Fayette,EUROPE,2025,7,FAYETTE
488,Fayette,FAYETTEVILLE EAST,662,10,FAYETTE
575,Fayette,FAYETTEVILLE WEST,628,20,FAYETTE
415,Fayette,FLINT,652,13,FAYETTE
535,Fayette,HOPEFUL,818,9,FAYETTE
811,Fayette,MORNING CREEK,1192,12,FAYETTE
1308,Fayette,RAREOVER,616,36,FAYETTE
1152,Fayette,SANDY CREEK,1778,24,FAYETTE
626,Fayette,SHAKERAG EAST,334,14,FAYETTE
579,Fayette,SHAKERAG WEST,260,14,FAYETTE
1840,Fayette,STARRSMILL,542,23,FAYETTE
1622,Fayette,WHITEWATER,679,25,FAYETTE
1321,Fayette,WOOLSEY,318,22,FAYETTE
1441,Fayette,MCINTOSH,704,21,FAYETTE
567,Fayette,OAK GROVE,273,23,FAYETTE
1331,Fayette,KEDRON,954,28,FAYETTE
763,Fayette,ABERDEEN,346,22,FAYETTE
443,Fayette,WINDGATE,222,21,FAYETTE
768,Fayette,FLAT CREEK,451,23,FAYETTE
1034,Fayette,BRAELINN,274,19,FAYETTE
135,Fayette,KENWOOD,556,7,FAYETTE
531,Fayette,BANKS,533,10,FAYETTE
758,Fayette,HARPS CROSSING,337,10,FAYETTE
947,Fayette,WILLOW POND,869,28,FAYETTE
1272,Fayette,DOGWOOD,661,31,FAYETTE
597,Fayette,OAK RIDGE,823,10,FAYETTE
568,Fayette,JEFF DAVIS,1033,12,FAYETTE
1116,Fayette,MURPHY,966,20,FAYETTE
1542,Fayette,FIELDING RIDGE,812,41,FAYETTE
838,Fayette,WILLOWBEND,366,25,FAYETTE
869,Fayette,CAMP CREEK,391,18,FAYETTE
1748,Fayette,RISING STAR,661,35,FAYETTE
934,Fayette,SPRING HILL,1080,22,FAYETTE
796,Fayette,ANTIOCH,471,20,FAYETTE
1310,Floyd,ALTO PARK,406,17,FLOYD
583,Floyd,ARMUCHEE,103,6,FLOYD
1111,Floyd,BARKERS,153,12,FLOYD
628,Floyd,CAVE SPRING,180,9,FLOYD
555,Floyd,CHULIO,109,8,FLOYD
2215,Floyd,ETOWAH,592,19,FLOYD
216,Floyd,EVERETT SPRINGS,36,1,FLOYD
874,Floyd,FLOYD SPRINGS,99,8,FLOYD
466,Floyd,FOSTER'S MILL,63,5,FLOYD
709,Floyd,GARDEN LAKES,266,9,FLOYD
1257,Floyd,GLENWOOD,353,23,FLOYD
748,Floyd,HOWELL,87,3,FLOYD
1425,Floyd,EAST LINDALE,416,28,FLOYD
1105,Floyd,MT ALTO NORTH,889,16,FLOYD
1137,Floyd,MT ALTO SOUTH,783,25,FLOYD
657,Floyd,NORTH CAROLINA,124,9,FLOYD
292,Floyd,RIVERSIDE,107,7,FLOYD
1038,Floyd,EAST ROME,970,35,FLOYD
876,Floyd,NORTH ROME,824,13,FLOYD
133,Floyd,SOUTH ROME,516,5,FLOYD
450,Floyd,TEXAS VALLEY,63,3,FLOYD
273,Floyd,VANNS VALLEY,81,3,FLOYD
1513,Floyd,WATTERS,238,22,FLOYD
1093,Floyd,WEST LINDALE,273,14,FLOYD
826,Floyd,TOWN ROME,682,22,FLOYD
6267,Forsyth,01 Big Creek,3473,139,FORSYTH
1760,Forsyth,02 Brandywine,2066,55,FORSYTH
4568,Forsyth,03 Browns Bridge,1067,100,FORSYTH
3204,Forsyth,04 Chestatee,562,44,FORSYTH
2741,Forsyth,05 Coal Mountain,784,40,FORSYTH
3079,Forsyth,06 Crossroads,673,71,FORSYTH
1221,Forsyth,07 Cumming,432,21,FORSYTH
3898,Forsyth,08 Mashburn,1183,75,FORSYTH
8107,Forsyth,10 Midway,3180,164,FORSYTH
4079,Forsyth,15 Heardsville,953,79,FORSYTH
5273,Forsyth,16 Otwell,1651,113,FORSYTH
2368,Forsyth,19 Old Atlanta,1511,43,FORSYTH
5184,Forsyth,21 South Forsyth,2705,110,FORSYTH
3524,Forsyth,25 Windermere,1974,89,FORSYTH
4756,Forsyth,27 Concord,1036,87,FORSYTH
5769,Forsyth,29 Polo,2820,129,FORSYTH
1237,Franklin,Carnesville,132,6,FRANKLIN
834,Franklin,West Franklin,76,8,FRANKLIN
1290,Franklin,Northeast,211,12,FRANKLIN
924,Franklin,Lavonia,257,11,FRANKLIN
596,Franklin,Canon,80,5,FRANKLIN
919,Franklin,Royston,183,10,FRANKLIN
1251,Franklin,Southwest,97,9,FRANKLIN
177,Fulton,01A,2136,22,FULTON
216,Fulton,01B,2447,40,FULTON
14,Fulton,01C,586,5,FULTON
15,Fulton,01D,292,0,FULTON
237,Fulton,01E,2112,29,FULTON
9,Fulton,01F,430,2,FULTON
49,Fulton,01G,1008,16,FULTON
14,Fulton,01H,358,1,FULTON
29,Fulton,01J,1120,4,FULTON
10,Fulton,01P,524,0,FULTON
8,Fulton,01R,468,2,FULTON
21,Fulton,01S,794,2,FULTON
53,Fulton,01T,727,4,FULTON
514,Fulton,02A,2357,33,FULTON
116,Fulton,02B,1081,9,FULTON
88,Fulton,02C,1097,8,FULTON
219,Fulton,02D,2389,24,FULTON
118,Fulton,02E,1278,15,FULTON
212,Fulton,02F1,1768,30,FULTON
40,Fulton,02F2,408,5,FULTON
222,Fulton,02G,2078,31,FULTON
142,Fulton,02J,1260,18,FULTON
106,Fulton,02K,821,9,FULTON
560,Fulton,02L1,3296,57,FULTON
112,Fulton,02L2,647,10,FULTON
24,Fulton,02S,387,6,FULTON
47,Fulton,02W,342,4,FULTON
8,Fulton,03A,672,3,FULTON
7,Fulton,03B,168,0,FULTON
11,Fulton,03C,651,1,FULTON
12,Fulton,03D,374,2,FULTON
20,Fulton,03E,870,3,FULTON
145,Fulton,03F,945,9,FULTON
6,Fulton,03G,308,2,FULTON
6,Fulton,03H,352,5,FULTON
62,Fulton,03I,470,16,FULTON
4,Fulton,03L,220,2,FULTON
83,Fulton,03M,347,16,FULTON
25,Fulton,03N,881,8,FULTON
194,Fulton,03P1A,1720,27,FULTON
0,Fulton,03P2,7,0,FULTON
5,Fulton,03S,345,2,FULTON
15,Fulton,03T,688,3,FULTON
3,Fulton,04A,534,2,FULTON
13,Fulton,04B,876,3,FULTON
0,Fulton,04C,54,0,FULTON
20,Fulton,04D,686,1,FULTON
61,Fulton,04F,850,5,FULTON
5,Fulton,04G,303,0,FULTON
34,Fulton,04I,496,5,FULTON
6,Fulton,04J,280,0,FULTON
33,Fulton,04K,1205,3,FULTON
21,Fulton,04L,823,6,FULTON
7,Fulton,04M,280,1,FULTON
18,Fulton,04S,1080,2,FULTON
8,Fulton,04T,567,2,FULTON
12,Fulton,04V,1168,2,FULTON
3,Fulton,04W,652,1,FULTON
16,Fulton,04X1,912,4,FULTON
5,Fulton,04X2,351,2,FULTON
126,Fulton,05A1,1565,17,FULTON
129,Fulton,05A2,1814,21,FULTON
30,Fulton,05B,836,4,FULTON
3,Fulton,05C,62,2,FULTON
5,Fulton,05D,84,1,FULTON
6,Fulton,05F,128,1,FULTON
41,Fulton,05J,367,4,FULTON
67,Fulton,05K,1226,11,FULTON
193,Fulton,06B,1029,14,FULTON
1119,Fulton,06D,4803,72,FULTON
241,Fulton,06E,1166,16,FULTON
258,Fulton,06F,1465,18,FULTON
52,Fulton,06G,304,6,FULTON
226,Fulton,06I,1684,25,FULTON
335,Fulton,06J,1517,35,FULTON
148,Fulton,06L1,513,10,FULTON
139,Fulton,06L2,334,5,FULTON
356,Fulton,06N,710,12,FULTON
22,Fulton,06Q,267,2,FULTON
229,Fulton,06R,953,10,FULTON
1704,Fulton,07A,2284,48,FULTON
1253,Fulton,07B,810,24,FULTON
1073,Fulton,07C,1364,33,FULTON
927,Fulton,07D,1419,39,FULTON
419,Fulton,07E,902,16,FULTON
824,Fulton,07F,1168,29,FULTON
611,Fulton,07H,787,11,FULTON
582,Fulton,07J,1123,33,FULTON
377,Fulton,07M,772,21,FULTON
156,Fulton,07N,867,11,FULTON
973,Fulton,08A,934,28,FULTON
1233,Fulton,08B,961,36,FULTON
637,Fulton,08C,326,13,FULTON
489,Fulton,08D,269,2,FULTON
1068,Fulton,08E,755,22,FULTON
1005,Fulton,08F1,589,20,FULTON
660,Fulton,08G,973,15,FULTON
989,Fulton,08H,843,22,FULTON
954,Fulton,08J,1221,38,FULTON
262,Fulton,08K,416,20,FULTON
761,Fulton,08L,1865,48,FULTON
786,Fulton,08M,551,14,FULTON
348,Fulton,08N1,222,12,FULTON
397,Fulton,08N2,504,12,FULTON
147,Fulton,08P,761,9,FULTON
444,Fulton,09A,1651,36,FULTON
2,Fulton,09B,169,0,FULTON
25,Fulton,09C,1473,3,FULTON
16,Fulton,09D,830,1,FULTON
66,Fulton,09E,1333,9,FULTON
1007,Fulton,09F,1459,39,FULTON
425,Fulton,09G,1799,42,FULTON
56,Fulton,09H,572,11,FULTON
12,Fulton,09I,480,1,FULTON
44,Fulton,09K,1784,2,FULTON
294,Fulton,09M,1276,25,FULTON
24,Fulton,10A,1584,3,FULTON
32,Fulton,10B,2403,8,FULTON
10,Fulton,10C,1137,4,FULTON
19,Fulton,10D,1800,3,FULTON
13,Fulton,10E,505,1,FULTON
14,Fulton,10F,565,0,FULTON
11,Fulton,10G,790,6,FULTON
1,Fulton,10H1,235,0,FULTON
14,Fulton,10H2,1000,2,FULTON
5,Fulton,10I,253,0,FULTON
2,Fulton,10J,452,5,FULTON
12,Fulton,10K,813,7,FULTON
23,Fulton,10M,1346,6,FULTON
12,Fulton,10P,645,2,FULTON
3,Fulton,10R,339,0,FULTON
50,Fulton,11B,3003,6,FULTON
22,Fulton,11C,1965,2,FULTON
13,Fulton,11E1,612,2,FULTON
10,Fulton,11E2,480,0,FULTON
27,Fulton,11E3,1786,3,FULTON
16,Fulton,11G,827,2,FULTON
12,Fulton,11H,335,0,FULTON
21,Fulton,11J,984,2,FULTON
23,Fulton,11K,1065,5,FULTON
23,Fulton,11M,1615,2,FULTON
25,Fulton,11N,1317,2,FULTON
12,Fulton,11P,997,4,FULTON
8,Fulton,11R,654,2,FULTON
101,Fulton,12A,2588,16,FULTON
8,Fulton,12D,485,0,FULTON
20,Fulton,12E1,528,1,FULTON
8,Fulton,12F,415,2,FULTON
15,Fulton,12G,407,0,FULTON
14,Fulton,12H1,283,0,FULTON
18,Fulton,12H,1151,1,FULTON
4,Fulton,12I,406,0,FULTON
13,Fulton,12J,1083,1,FULTON
43,Fulton,12K,1165,3,FULTON
2,Fulton,12L,235,0,FULTON
16,Fulton,12M,1144,3,FULTON
8,Fulton,12N,307,0,FULTON
16,Fulton,12S,904,3,FULTON
1566,Fulton,AP01A,1519,37,FULTON
232,Fulton,AP01B,270,10,FULTON
778,Fulton,AP01C,701,12,FULTON
212,Fulton,AP01D,314,11,FULTON
125,Fulton,AP02B,135,2,FULTON
69,Fulton,AP03,238,6,FULTON
690,Fulton,AP04A,459,28,FULTON
153,Fulton,AP04B,130,5,FULTON
1671,Fulton,AP05,1260,32,FULTON
760,Fulton,AP06,509,27,FULTON
1060,Fulton,AP07A,984,36,FULTON
590,Fulton,AP07B,528,12,FULTON
1271,Fulton,AP09A,1361,39,FULTON
208,Fulton,AP09B,321,2,FULTON
990,Fulton,AP021,924,27,FULTON
654,Fulton,AP022,738,14,FULTON
384,Fulton,AP10,264,16,FULTON
126,Fulton,AP12A,242,5,FULTON
136,Fulton,AP12B,284,3,FULTON
537,Fulton,AP12C,453,3,FULTON
1000,Fulton,AP14,976,32,FULTON
42,Fulton,CH01,120,0,FULTON
121,Fulton,CH02,77,2,FULTON
162,Fulton,CH03,87,1,FULTON
224,Fulton,CH04A,217,3,FULTON
188,Fulton,CH05,67,4,FULTON
71,Fulton,CP01B,148,6,FULTON
121,Fulton,CP011,487,9,FULTON
141,Fulton,CP012,687,14,FULTON
68,Fulton,CP02,474,5,FULTON
0,Fulton,CP04A,1,0,FULTON
1,Fulton,CP04B,13,0,FULTON
1,Fulton,CP05B,75,0,FULTON
27,Fulton,CP051,842,1,FULTON
3,Fulton,CP06A,197,1,FULTON
0,Fulton,CP07B,2,0,FULTON
1,Fulton,CP07C,45,0,FULTON
3,Fulton,CP07D,200,0,FULTON
0,Fulton,CP07E,40,0,FULTON
0,Fulton,CP07F,53,0,FULTON
4,Fulton,CP081,69,1,FULTON
0,Fulton,CP083,24,0,FULTON
0,Fulton,CP084,1,0,FULTON
2,Fulton,CP08A,167,0,FULTON
136,Fulton,EP01,1308,8,FULTON
91,Fulton,EP01B,1421,8,FULTON
38,Fulton,EP02A,833,3,FULTON
122,Fulton,EP02,840,6,FULTON
45,Fulton,EP02C,203,3,FULTON
5,Fulton,EP02D,184,0,FULTON
25,Fulton,EP02E,590,1,FULTON
105,Fulton,EP03,2377,8,FULTON
36,Fulton,EP03B,928,2,FULTON
43,Fulton,EP04A,2552,5,FULTON
13,Fulton,EP04,1176,2,FULTON
206,Fulton,FA01A,1889,10,FULTON
284,Fulton,FA01B,2649,9,FULTON
16,Fulton,FA01C,376,0,FULTON
461,Fulton,HP01,1282,19,FULTON
1223,Fulton,JC01,1930,37,FULTON
645,Fulton,JC02,804,13,FULTON
167,Fulton,JC03A,206,8,FULTON
354,Fulton,JC03B,582,11,FULTON
1177,Fulton,JC04A,1443,54,FULTON
65,Fulton,JC04B,84,6,FULTON
590,Fulton,JC05,759,30,FULTON
853,Fulton,JC06,693,19,FULTON
1136,Fulton,JC07,1434,29,FULTON
861,Fulton,JC08,949,42,FULTON
739,Fulton,JC09,1107,26,FULTON
562,Fulton,JC10,911,22,FULTON
1134,Fulton,JC11,914,19,FULTON
1139,Fulton,JC12,579,14,FULTON
943,Fulton,JC13A,488,13,FULTON
135,Fulton,JC13B,40,4,FULTON
908,Fulton,JC14,701,12,FULTON
193,Fulton,JC15,309,18,FULTON
822,Fulton,JC16,862,29,FULTON
1068,Fulton,JC18,860,25,FULTON
1187,Fulton,JC19,1272,55,FULTON
981,Fulton,ML011,668,23,FULTON
227,Fulton,ML012,107,4,FULTON
57,Fulton,ML01B,38,1,FULTON
1003,Fulton,ML021,340,11,FULTON
106,Fulton,ML022,36,5,FULTON
725,Fulton,ML023,290,7,FULTON
59,Fulton,ML024,11,0,FULTON
1748,Fulton,ML03,779,31,FULTON
676,Fulton,ML04A,480,15,FULTON
575,Fulton,ML04B,255,7,FULTON
47,Fulton,ML04C,19,0,FULTON
19,Fulton,ML05A,8,0,FULTON
166,Fulton,ML05B,81,1,FULTON
1322,Fulton,ML05C,1252,23,FULTON
337,Fulton,ML06A,665,11,FULTON
604,Fulton,ML06B,1093,24,FULTON
50,Fulton,ML071,23,0,FULTON
589,Fulton,ML072,260,6,FULTON
312,Fulton,ML07A,154,4,FULTON
145,Fulton,MP01,172,6,FULTON
303,Fulton,PA01,1013,5,FULTON
1919,Fulton,RW01,1362,50,FULTON
1345,Fulton,RW02,1267,47,FULTON
1148,Fulton,RW03,1535,42,FULTON
648,Fulton,RW04,658,31,FULTON
401,Fulton,RW05,786,13,FULTON
884,Fulton,RW06,985,31,FULTON
87,Fulton,RW07A,576,12,FULTON
52,Fulton,RW07B,156,4,FULTON
888,Fulton,RW08,522,28,FULTON
2657,Fulton,RW09,1479,60,FULTON
1351,Fulton,RW10,976,38,FULTON
754,Fulton,RW11A,904,22,FULTON
2446,Fulton,RW12,1689,77,FULTON
1232,Fulton,RW13,1185,46,FULTON
700,Fulton,RW16,554,17,FULTON
641,Fulton,RW17,1076,44,FULTON
844,Fulton,RW19,552,28,FULTON
942,Fulton,RW20,815,33,FULTON
1285,Fulton,RW21,836,40,FULTON
896,Fulton,RW22A,1536,35,FULTON
3,Fulton,SC01A,20,0,FULTON
23,Fulton,SC01B,1264,3,FULTON
34,Fulton,SC01C,1466,1,FULTON
0,Fulton,SC01D,161,0,FULTON
27,Fulton,SC02,631,1,FULTON
194,Fulton,SC04,415,3,FULTON
4,Fulton,SC05A,403,0,FULTON
54,Fulton,SC05B,2112,5,FULTON
36,Fulton,SC05D,1379,6,FULTON
66,Fulton,SC05E,361,1,FULTON
283,Fulton,SC07A,3383,8,FULTON
0,Fulton,SC07C,6,0,FULTON
48,Fulton,SC08B,1933,9,FULTON
0,Fulton,SC08C,53,0,FULTON
4,Fulton,SC08D,306,0,FULTON
2,Fulton,SC08E,312,0,FULTON
10,Fulton,SC08F,354,0,FULTON
0,Fulton,SC08G,8,0,FULTON
0,Fulton,SC08H,3,0,FULTON
21,Fulton,SC09A,802,1,FULTON
17,Fulton,SC09B,1057,2,FULTON
20,Fulton,SC09C,811,1,FULTON
10,Fulton,SC10,640,3,FULTON
16,Fulton,SC11A,787,1,FULTON
18,Fulton,SC11B,852,2,FULTON
71,Fulton,SC13,1551,2,FULTON
2,Fulton,SC14A,422,0,FULTON
7,Fulton,SC14B,37,0,FULTON
116,Fulton,SC15,4062,7,FULTON
58,Fulton,SC16A,3118,7,FULTON
0,Fulton,SC16B,8,0,FULTON
0,Fulton,SC17A,41,1,FULTON
1,Fulton,SC17B,3,0,FULTON
17,Fulton,SC17C,647,0,FULTON
5,Fulton,SC18A,322,0,FULTON
13,Fulton,SC18B,445,1,FULTON
46,Fulton,SC18C,1298,2,FULTON
3,Fulton,SC19A,125,0,FULTON
21,Fulton,SC19B,663,2,FULTON
26,Fulton,SC20,1623,7,FULTON
27,Fulton,SC211,808,2,FULTON
79,Fulton,SC212,1843,4,FULTON
26,Fulton,SC23A,1685,1,FULTON
7,Fulton,SC23B,276,0,FULTON
25,Fulton,SC23C,1265,4,FULTON
22,Fulton,SC27,1216,1,FULTON
30,Fulton,SC29A,1497,1,FULTON
1,Fulton,SC30A,94,0,FULTON
10,Fulton,SC30B,518,1,FULTON
1887,Fulton,SS01,1305,38,FULTON
301,Fulton,SS02A,436,12,FULTON
173,Fulton,SS02B,568,10,FULTON
429,Fulton,SS03,573,13,FULTON
679,Fulton,SS04,1333,25,FULTON
659,Fulton,SS05,677,19,FULTON
539,Fulton,SS06,513,13,FULTON
358,Fulton,SS07A,310,8,FULTON
159,Fulton,SS07B,236,5,FULTON
209,Fulton,SS07C,215,6,FULTON
217,Fulton,SS08A,522,7,FULTON
225,Fulton,SS08B,220,6,FULTON
117,Fulton,SS08C,265,4,FULTON
274,Fulton,SS08D,550,8,FULTON
1202,Fulton,SS09A,970,26,FULTON
1278,Fulton,SS09B,1112,35,FULTON
844,Fulton,SS11A,1307,39,FULTON
187,Fulton,SS11B,503,13,FULTON
23,Fulton,SS11C,122,0,FULTON
141,Fulton,SS11D,107,3,FULTON
849,Fulton,SS12,843,19,FULTON
486,Fulton,SS13A,559,22,FULTON
288,Fulton,SS13B,337,3,FULTON
586,Fulton,SS14,369,18,FULTON
154,Fulton,SS15A,1026,10,FULTON
266,Fulton,SS15B,620,12,FULTON
818,Fulton,SS16,678,25,FULTON
1108,Fulton,SS17,1079,28,FULTON
220,Fulton,SS18A,226,4,FULTON
75,Fulton,SS18B,79,3,FULTON
381,Fulton,SS19A,1269,21,FULTON
360,Fulton,SS19B,849,11,FULTON
374,Fulton,SS20,763,16,FULTON
648,Fulton,SS22,935,20,FULTON
302,Fulton,SS26,1479,17,FULTON
632,Fulton,SS29A,937,23,FULTON
387,Fulton,SS31,532,12,FULTON
58,Fulton,UC01A,1636,3,FULTON
4,Fulton,UC01B,203,0,FULTON
0,Fulton,UC01D,2,0,FULTON
4,Fulton,UC01E,202,0,FULTON
115,Fulton,UC02A,4130,10,FULTON
5,Fulton,UC02B,11,0,FULTON
205,Fulton,UC031,980,2,FULTON
28,Fulton,UC032,156,2,FULTON
1346,Gilmer,ELLIJAY SOUTH,305,9,GILMER
834,Gilmer,CARTECAY,115,8,GILMER
745,Gilmer,TAILS CREEK,95,10,GILMER
555,Gilmer,TOWN CREEK,77,10,GILMER
1298,Gilmer,LEACHES,253,11,GILMER
463,Gilmer,CHERRY LOG,125,3,GILMER
775,Gilmer,BOARDTOWN,146,11,GILMER
599,Gilmer,MOUNTAINTOWN,100,13,GILMER
803,Gilmer,EAST ELLIJAY,148,10,GILMER
768,Gilmer,ELLIJAY NORTH,148,14,GILMER
642,Gilmer,YUKON,76,1,GILMER
711,Gilmer,BIG CREEK,139,10,GILMER
900,Gilmer,ELLIJAY NORTHEAST,184,11,GILMER
81,Glascock,Edgehill,7,0,GLASCOCK
394,Glascock,Gibson,35,3,GLASCOCK
454,Glascock,Mill,26,1,GLASCOCK
259,Glascock,Mitchell,39,1,GLASCOCK
1825,Glynn,Sterling Elem School,521,17,GLYNN
1268,Glynn,Marshes of Glynn,481,10,GLYNN
1103,Glynn,Satilla Marsh School,445,21,GLYNN
1213,Glynn,Blythe Island Baptist Church,203,12,GLYNN
1807,Glynn,Christian Renewal,665,25,GLYNN
1403,Glynn,Oglethorpe Point,447,15,GLYNN
2109,Glynn,St Williams Church,832,36,GLYNN
2003,Glynn,First Baptist,865,33,GLYNN
307,Glynn,Jekyll Island,217,5,GLYNN
1176,Glynn,Sterling Church of God,520,11,GLYNN
703,Glynn,SE Baptist Bldg,288,4,GLYNN
1162,Glynn,Career Academy,430,13,GLYNN
1257,Glynn,C B Greer School,493,11,GLYNN
1007,Glynn,Ballard Complex,464,9,GLYNN
612,Glynn,Northside Church,920,16,GLYNN
504,Glynn,The Chapel,675,6,GLYNN
450,Glynn,College Place,687,6,GLYNN
502,Glynn,Howard Coffin Park,867,12,GLYNN
101,Glynn,Burroughs,1205,3,GLYNN
142,Glynn,Selden Park,345,3,GLYNN
728,Gordon,SUGAR VALLEY,71,5,GORDON
817,Gordon,PLAINVILLE,129,11,GORDON
2534,Gordon,SONORAVILLE,367,18,GORDON
504,Gordon,PINE CHAPEL,43,2,GORDON
305,Gordon,OOSTANAULA,83,7,GORDON
544,Gordon,OAKMAN,84,6,GORDON
2431,Gordon,GORDON COUNTY,527,27,GORDON
3034,Gordon,CALHOUN CITY,1153,57,GORDON
823,Gordon,LILY POND,143,6,GORDON
962,Gordon,FAIRMOUNT,117,12,GORDON
1233,Gordon,RED BUD,236,13,GORDON
646,Gordon,RESACA,84,8,GORDON
396,Grady,Blowing Cave,61,2,GRADY
235,Grady,Cairo 4th District,1015,6,GRADY
804,Grady,Cairo 5th District,546,2,GRADY
193,Grady,Duncanville,113,1,GRADY
326,Grady,Higdon,149,2,GRADY
156,Grady,Limesink,30,0,GRADY
607,Grady,Midway,164,3,GRADY
338,Grady,Pine Park,164,1,GRADY
229,Grady,Ragan,77,0,GRADY
378,Grady,Spence,34,4,GRADY
315,Grady,Spring Hill,35,2,GRADY
486,Grady,Whigham,145,3,GRADY
1163,Grady,Woodland,164,7,GRADY
1122,Greene,Greensboro,1277,10,GREENE
496,Greene,Union Point,545,5,GREENE
296,Greene,Siloam,323,1,GREENE
131,Greene,White Plains,124,2,GREENE
3808,Greene,Old Salem,821,27,GREENE
1760,Gwinnett,HARBINS A,1708,40,GWINNETT
371,Gwinnett,ROCKBRIDGE A,1651,10,GWINNETT
1126,Gwinnett,DACULA,1425,33,GWINNETT
366,Gwinnett,SUWANEE A,433,16,GWINNETT
892,Gwinnett,BAYCREEK A,722,19,GWINNETT
783,Gwinnett,GOODWINS A,1160,26,GWINNETT
1197,Gwinnett,DULUTH A,1492,49,GWINNETT
1868,Gwinnett,DUNCANS A,856,34,GWINNETT
2031,Gwinnett,PUCKETTS A,934,37,GWINNETT
771,Gwinnett,CATES A,499,13,GWINNETT
335,Gwinnett,BERKSHIRE A,719,9,GWINNETT
585,Gwinnett,BERKSHIRE B,1863,26,GWINNETT
1317,Gwinnett,DUNCANS C,538,20,GWINNETT
1194,Gwinnett,GARNERS A,915,33,GWINNETT
677,Gwinnett,LAWRENCEVILLE A,826,15,GWINNETT
784,Gwinnett,LAWRENCEVILLE B,1742,19,GWINNETT
273,Gwinnett,MARTINS A,1125,12,GWINNETT
425,Gwinnett,MARTINS B,956,13,GWINNETT
519,Gwinnett,MARTINS C,775,11,GWINNETT
184,Gwinnett,PINCKNEYVILLE A,962,18,GWINNETT
266,Gwinnett,PINCKNEYVILLE B,1011,23,GWINNETT
573,Gwinnett,PINCKNEYVILLE C,560,21,GWINNETT
165,Gwinnett,PINCKNEYVILLE D,684,10,GWINNETT
1123,Gwinnett,SUGAR HILL A,839,22,GWINNETT
1380,Gwinnett,SUGAR HILL B,1121,37,GWINNETT
891,Gwinnett,HOG MOUNTAIN A,1382,23,GWINNETT
1463,Gwinnett,HOG MOUNTAIN B,1086,29,GWINNETT
1772,Gwinnett,ROCKYCREEK A,1336,48,GWINNETT
594,Gwinnett,CATES B,354,30,GWINNETT
539,Gwinnett,CATES C,1001,9,GWINNETT
905,Gwinnett,HOG MOUNTAIN D,681,31,GWINNETT
806,Gwinnett,BERKSHIRE D,828,27,GWINNETT
656,Gwinnett,BERKSHIRE E,552,23,GWINNETT
337,Gwinnett,BERKSHIRE F,632,12,GWINNETT
751,Gwinnett,CATES D,773,19,GWINNETT
152,Gwinnett,035 Cates D - 04,184,2,GWINNETT
885,Gwinnett,CATES E,879,26,GWINNETT
173,Gwinnett,PINCKNEYVILLE E,781,11,GWINNETT
251,Gwinnett,PINCKNEYVILLE F,741,17,GWINNETT
2452,Gwinnett,DUNCANS D,1128,48,GWINNETT
1140,Gwinnett,PINCKNEYVILLE H,1362,37,GWINNETT
970,Gwinnett,BAYCREEK B,2152,26,GWINNETT
911,Gwinnett,LAWRENCEVILLE C,645,24,GWINNETT
137,Gwinnett,MARTINS D,767,8,GWINNETT
474,Gwinnett,ROCKBRIDGE B,1577,16,GWINNETT
599,Gwinnett,GARNERS B,1187,10,GWINNETT
664,Gwinnett,CATES F,395,19,GWINNETT
1028,Gwinnett,CATES G,653,25,GWINNETT
878,Gwinnett,DULUTH B,821,28,GWINNETT
492,Gwinnett,GARNERS C,585,20,GWINNETT
259,Gwinnett,PINCKNEYVILLE I,889,9,GWINNETT
129,Gwinnett,PINCKNEYVILLE J,857,8,GWINNETT
717,Gwinnett,BERKSHIRE G,696,29,GWINNETT
547,Gwinnett,CATES H,1362,13,GWINNETT
1644,Gwinnett,SUGAR HILL C,973,29,GWINNETT
1294,Gwinnett,SUGAR HILL D,917,31,GWINNETT
530,Gwinnett,DULUTH C,680,25,GWINNETT
775,Gwinnett,DULUTH D,1392,37,GWINNETT
268,Gwinnett,PINCKNEYVILLE K,1190,14,GWINNETT
237,Gwinnett,PINCKNEYVILLE N,1419,16,GWINNETT
412,Gwinnett,LAWRENCEVILLE D,1613,23,GWINNETT
683,Gwinnett,LAWRENCEVILLE E,593,17,GWINNETT
907,Gwinnett,PINCKNEYVILLE L,611,21,GWINNETT
1045,Gwinnett,PINCKNEYVILLE M,581,24,GWINNETT
451,Gwinnett,GARNERS D,1346,14,GWINNETT
246,Gwinnett,BERKSHIRE H,564,15,GWINNETT
277,Gwinnett,PINCKNEYVILLE O,1154,15,GWINNETT
1219,Gwinnett,PUCKETTS E,1328,14,GWINNETT
927,Gwinnett,CATES I,1089,26,GWINNETT
742,Gwinnett,CATES J,1212,25,GWINNETT
1167,Gwinnett,GOODWINS B,917,35,GWINNETT
462,Gwinnett,LAWRENCEVILLE F,1546,18,GWINNETT
167,Gwinnett,MARTINS E,1990,8,GWINNETT
537,Gwinnett,PINCKNEYVILLE P,655,15,GWINNETT
98,Gwinnett,PINCKNEYVILLE Q,723,8,GWINNETT
485,Gwinnett,ROCKBRIDGE C,2343,26,GWINNETT
490,Gwinnett,ROCKBRIDGE D,1481,11,GWINNETT
820,Gwinnett,GOODWINS C,1673,28,GWINNETT
970,Gwinnett,BAYCREEK K,1164,21,GWINNETT
816,Gwinnett,CATES K,736,20,GWINNETT
1341,Gwinnett,BAYCREEK C,2204,32,GWINNETT
905,Gwinnett,CATES L,1281,32,GWINNETT
626,Gwinnett,DULUTH E,1629,26,GWINNETT
965,Gwinnett,GOODWINS D,1172,32,GWINNETT
343,Gwinnett,LAWRENCEVILLE G,1040,10,GWINNETT
1129,Gwinnett,LAWRENCEVILLE H,1088,29,GWINNETT
261,Gwinnett,MARTINS F,841,7,GWINNETT
475,Gwinnett,PINCKNEYVILLE S,1001,22,GWINNETT
479,Gwinnett,ROCKBRIDGE E,1655,14,GWINNETT
977,Gwinnett,SUGAR HILL E,738,32,GWINNETT
591,Gwinnett,LAWRENCEVILLE I,1011,26,GWINNETT
1223,Gwinnett,BAYCREEK D,1306,26,GWINNETT
913,Gwinnett,BERKSHIRE J,780,26,GWINNETT
1341,Gwinnett,CATES M,1016,49,GWINNETT
942,Gwinnett,CATES N,547,19,GWINNETT
429,Gwinnett,DULUTH F,1890,20,GWINNETT
872,Gwinnett,DULUTH G,721,30,GWINNETT
1218,Gwinnett,GOODWINS E,1403,43,GWINNETT
653,Gwinnett,GOODWINS F,859,24,GWINNETT
498,Gwinnett,PINCKNEYVILLE T,880,18,GWINNETT
1252,Gwinnett,SUWANEE B,1128,34,GWINNETT
433,Gwinnett,PINCKNEYVILLE U,697,17,GWINNETT
1092,Gwinnett,PUCKETTS B,612,17,GWINNETT
342,Gwinnett,BERKSHIRE L,1084,15,GWINNETT
552,Gwinnett,ROCKBRIDGE F,2658,14,GWINNETT
1169,Gwinnett,SUGAR HILL F,864,46,GWINNETT
1328,Gwinnett,SUWANEE C,1213,34,GWINNETT
420,Gwinnett,CATES O,386,12,GWINNETT
694,Gwinnett,BAYCREEK E,924,12,GWINNETT
559,Gwinnett,BERKSHIRE M,470,21,GWINNETT
260,Gwinnett,MARTINS G,805,9,GWINNETT
632,Gwinnett,DULUTH H,790,20,GWINNETT
1046,Gwinnett,BERKSHIRE N,838,28,GWINNETT
257,Gwinnett,PINCKNEYVILLE V,484,6,GWINNETT
778,Gwinnett,PINCKNEYVILLE W,1184,42,GWINNETT
686,Gwinnett,MARTINS H,1563,24,GWINNETT
341,Gwinnett,MARTINS I,1194,14,GWINNETT
274,Gwinnett,MARTINS J,1396,17,GWINNETT
468,Gwinnett,GARNERS F,494,11,GWINNETT
839,Gwinnett,BERKSHIRE O,662,23,GWINNETT
222,Gwinnett,BERKSHIRE P,411,8,GWINNETT
892,Gwinnett,PINCKNEYVILLE X,988,33,GWINNETT
538,Gwinnett,ROCKBRIDGE G,2332,17,GWINNETT
214,Gwinnett,PINCKNEYVILLE Y,1079,7,GWINNETT
331,Gwinnett,GOODWINS G,919,15,GWINNETT
778,Gwinnett,PINCKNEYVILLE Z,434,16,GWINNETT
1015,Gwinnett,PINCKNEYVILLE A1,666,25,GWINNETT
346,Gwinnett,LAWRENCEVILLE J,709,8,GWINNETT
658,Gwinnett,GOODWINS H,754,34,GWINNETT
1981,Gwinnett,DUNCANS B,876,39,GWINNETT
1674,Gwinnett,SUWANEE D,951,31,GWINNETT
1437,Gwinnett,SUWANEE E,961,29,GWINNETT
833,Gwinnett,LAWRENCEVILLE K,882,24,GWINNETT
1479,Gwinnett,HARBINS B,973,18,GWINNETT
804,Gwinnett,BAYCREEK F,1634,27,GWINNETT
986,Gwinnett,PUCKETTS C,646,27,GWINNETT
1191,Gwinnett,HOG MOUNTAIN C,903,30,GWINNETT
1521,Gwinnett,ROCKYCREEK B,1169,34,GWINNETT
1266,Gwinnett,DULUTH I,1132,18,GWINNETT
456,Gwinnett,MARTINS K,1973,24,GWINNETT
1495,Gwinnett,SUWANEE H,679,34,GWINNETT
1041,Gwinnett,SUGAR HILL G,543,22,GWINNETT
1035,Gwinnett,SUWANEE F,960,35,GWINNETT
953,Gwinnett,LAWRENCEVILLE L,1543,30,GWINNETT
570,Gwinnett,LAWRENCEVILLE M,2528,30,GWINNETT
1063,Gwinnett,BAYCREEK G,1996,21,GWINNETT
1711,Gwinnett,BAYCREEK H,1726,21,GWINNETT
1060,Gwinnett,BAYCREEK I,1804,28,GWINNETT
505,Gwinnett,BERKSHIRE Q,471,9,GWINNETT
727,Gwinnett,GOODWINS I,699,18,GWINNETT
176,Gwinnett,DULUTH K,795,9,GWINNETT
952,Gwinnett,HARBINS C,575,22,GWINNETT
1499,Gwinnett,ROCKYCREEK C,1276,32,GWINNETT
470,Gwinnett,LAWRENCEVILLE N,674,17,GWINNETT
1197,Gwinnett,PUCKETTS D,630,22,GWINNETT
934,Gwinnett,SUWANEE G,1036,41,GWINNETT
784,Gwinnett,BAYCREEK J,1648,17,GWINNETT
4527,Habersham,Habersham North,811,62,HABERSHAM
2578,Habersham,Habersham South,571,21,HABERSHAM
2344,Habersham,Demorest,358,15,HABERSHAM
311,Habersham,Town of Mount Airy,73,8,HABERSHAM
335,Habersham,City of Baldwin,107,4,HABERSHAM
2009,Habersham,Mud Creek,309,21,HABERSHAM
830,Habersham,Amys Creek,188,8,HABERSHAM
2439,Hall,01-Wilson,938,32,HALL
726,Hall,02-Chicopee,647,23,HALL
710,Hall,03-Oakwood I,477,16,HALL
1825,Hall,04-Oakwood II,516,42,HALL
1833,Hall,05-Flowery Branch I,508,34,HALL
1310,Hall,06-Flowery Branch II,486,29,HALL
2418,Hall,07-Roberts,656,28,HALL
1866,Hall,08-Morgan I,349,40,HALL
1941,Hall,09-Morgan II,673,37,HALL
2081,Hall,10-Candler,853,33,HALL
1073,Hall,11-Tadmore,1162,11,HALL
1394,Hall,12-Glade,431,20,HALL
1502,Hall,13-Lula,233,8,HALL
1841,Hall,14-Clermont,176,17,HALL
1549,Hall,15-Quillians,167,13,HALL
2508,Hall,16-Bark Camp,542,28,HALL
1783,Hall,17-Chestatee,364,25,HALL
1688,Hall,18-Fork,390,22,HALL
2058,Hall,19-Whelchel,457,27,HALL
2120,Hall,20-West Whelchel,511,30,HALL
1264,Hall,21-Gainesville I,696,30,HALL
96,Hall,22-Gainesville II,1215,3,HALL
818,Hall,23-Gainesville III,962,30,HALL
780,Hall,24-Gainesville IV,552,19,HALL
481,Hall,25-Gainesville V,229,14,HALL
579,Hall,26-Gillsville,78,2,HALL
2140,Hall,27-Big Hickory,259,33,HALL
3952,Hall,28-Friendship I,1136,58,HALL
1410,Hall,29-Friendship II,384,25,HALL
1844,Hall,30-Friendship III,625,29,HALL
1326,Hall,31-Friendship IV,479,18,HALL
285,Hancock,Devereux Fire,296,3,HANCOCK
48,Hancock,St. Mark,309,1,HANCOCK
100,Hancock,Courthouse,449,0,HANCOCK
36,Hancock,Second Beulah,273,0,HANCOCK
29,Hancock,Mayfield,170,0,HANCOCK
61,Hancock,Power of God,351,3,HANCOCK
103,Hancock,Warren Chapel,79,0,HANCOCK
107,Hancock,Youth Center,468,2,HANCOCK
77,Hancock,Second Darrien,171,1,HANCOCK
24,Hancock,Sparta 4C,79,0,HANCOCK
2852,Haralson,BREMEN,511,24,HARALSON
1096,Haralson,BUCHANAN,144,8,HARALSON
469,Haralson,BUNCOMBE,43,6,HARALSON
787,Haralson,CORINTH,71,9,HARALSON
375,Haralson,TWENTIETH,21,5,HARALSON
155,Haralson,FELTON,10,0,HARALSON
368,Haralson,LITTLE CREEK,33,3,HARALSON
170,Haralson,MT VIEW,7,0,HARALSON
829,Haralson,SEVENTH,120,9,HARALSON
339,Haralson,BEREA-STEADMAN,18,5,HARALSON
1315,Haralson,TALLAPOOSA,187,12,HARALSON
523,Haralson,WACO,54,7,HARALSON
1426,Harris,CATAULA,409,19,HARRIS
1952,Harris,ELLERSLIE,679,21,HARRIS
621,Harris,GOODMAN,375,6,HARRIS
1086,Harris,HAMILTON,556,11,HARRIS
1296,Harris,LOWER 19TH,340,19,HARRIS
1561,Harris,MULBERRY GROVE,294,15,HARRIS
571,Harris,PINE MOUNTAIN VALLEY,115,3,HARRIS
371,Harris,SKINNER,198,5,HARRIS
866,Harris,UPPER 19TH,153,11,HARRIS
312,Harris,VALLEY PLAINS,139,1,HARRIS
1084,Harris,WAVERLY HALL,551,13,HARRIS
676,Harris,WHITESVILLE,208,7,HARRIS
2654,Hart,Hartwell,1088,32,HART
840,Hart,Goldmine,151,11,HART
365,Hart,Cokesbury,230,4,HART
1466,Hart,Reed Creek,291,14,HART
646,Hart,Bowersville,118,3,HART
783,Hart,Shoal Creek,99,7,HART
612,Hart,Bio,199,3,HART
874,Heard,CENTRALHATCHEE,130,8,HEARD
256,Heard,COOKSVILLE - CORINTH,29,0,HEARD
478,Heard,ENON GROVE,53,5,HEARD
648,Heard,EPHESUS,73,3,HEARD
846,Heard,FRANKLIN,291,10,HEARD
268,Heard,SOUTHWEST,78,1,HEARD
1171,Henry,LOCUST GROVE,2072,23,HENRY
1681,Henry,TUSSAHAW,239,19,HENRY
2069,Henry,SANDY RIDGE,578,21,HENRY
401,Henry,WESTSIDE,2354,14,HENRY
1692,Henry,LOWES,3167,31,HENRY
1442,Henry,SOUTH HAMPTON,1443,22,HENRY
1501,Henry,NORTH HAMPTON,2138,22,HENRY
545,Henry,MT. CARMEL,2358,8,HENRY
379,Henry,RED OAK,2812,19,HENRY
742,Henry,WESLEY LAKES,2132,17,HENRY
396,Henry,MCDONOUGH,899,6,HENRY
1600,Henry,MCMULLEN,595,21,HENRY
1531,Henry,EAST LAKE,530,16,HENRY
1042,Henry,HICKORY FLAT,2016,23,HENRY
472,Henry,STOCKBRIDGE EAST-WEST,3027,16,HENRY
767,Henry,STAGECOACH,1037,14,HENRY
1090,Henry,COTTON INDIAN,1414,21,HENRY
1377,Henry,PLEASANT GROVE,1103,26,HENRY
643,Henry,AUSTIN ROAD,1422,19,HENRY
1109,Henry,SWAN LAKE,897,20,HENRY
240,Henry,SHAKERAG,2076,12,HENRY
403,Henry,ELLENWOOD,2242,5,HENRY
2076,Henry,UNITY GROVE,695,22,HENRY
593,Henry,SHILOH,1396,13,HENRY
1223,Henry,PATES CREEK,1694,21,HENRY
1232,Henry,OAKLAND,1321,20,HENRY
2009,Henry,LAKE DOW,1034,25,HENRY
841,Henry,FLIPPEN,1807,16,HENRY
553,Henry,STOCKBRIDGE CENTRAL,1600,20,HENRY
1412,Henry,KELLEYTOWN,761,26,HENRY
785,Henry,LIGHTHOUSE,1408,16,HENRY
866,Henry,DUTCHTOWN,689,10,HENRY
1481,Henry,MT. BETHEL,481,21,HENRY
1139,Henry,GROVE PARK,718,9,HENRY
1401,Henry,LAKE HAVEN,1060,27,HENRY
1044,Henry,MCDONOUGH CENTRAL,1258,20,HENRY
872,Henry,TIMBERRIDGE,404,10,HENRY
1955,Houston,ANNX,925,27,HOUSTON
3954,Houston,BMS,1793,57,HOUSTON
2546,Houston,CENT,1669,42,HOUSTON
1800,Houston,CGTC,1012,29,HOUSTON
2940,Houston,FMMS,2272,64,HOUSTON
855,Houston,HAFS,239,3,HOUSTON
1676,Houston,HCTC,1581,41,HOUSTON
561,Houston,HEFS,298,2,HOUSTON
2391,Houston,HHPC,2418,47,HOUSTON
3323,Houston,MCMS,1981,56,HOUSTON
966,Houston,NSES,540,15,HOUSTON
809,Houston,RECR,3228,28,HOUSTON
5215,Houston,ROZR,2687,67,HOUSTON
1180,Houston,TMS,1597,14,HOUSTON
1641,Houston,TWPK,1101,32,HOUSTON
2463,Houston,VHS,971,35,HOUSTON
511,Irwin,Irwinville,36,0,IRWIN
2008,Irwin,Ocilla,774,9,IRWIN
174,Irwin,Holt,41,1,IRWIN
6871,Jackson,Central Jackson,1477,79,JACKSON
5192,Jackson,North Jackson,1109,62,JACKSON
6588,Jackson,West Jackson,1237,91,JACKSON
3285,Jackson,South Jackson,849,43,JACKSON
767,Jasper,WYATT,227,7,JASPER
1740,Jasper,MONTICELLO,1020,13,JASPER
1896,Jasper,MARTIN & BURNEY,226,11,JASPER
337,Jeff_Davis,Hazelhurst,354,2,JEFF_DAVIS
399,Jeff_Davis,Altamaha 1,39,3,JEFF_DAVIS
801,Jeff_Davis,Altamaha 2,23,5,JEFF_DAVIS
284,Jeff_Davis,Blackburn 1,82,3,JEFF_DAVIS
418,Jeff_Davis,Blackburn 2,17,0,JEFF_DAVIS
428,Jeff_Davis,Whitehead 1,106,2,JEFF_DAVIS
368,Jeff_Davis,Whitehead 2,20,1,JEFF_DAVIS
705,Jeff_Davis,Ocmulgee 1,112,2,JEFF_DAVIS
239,Jeff_Davis,Ocmulgee 2,61,4,JEFF_DAVIS
153,Jefferson,Stapleton Crossroads,117,2,JEFFERSON
279,Jefferson,Matthews,119,1,JEFFERSON
796,Jefferson,Wrens,887,6,JEFFERSON
974,Jefferson,Louisville,1320,8,JEFFERSON
327,Jefferson,Wadley,785,4,JEFFERSON
177,Jefferson,Bartow,154,1,JEFFERSON
252,Jefferson,Stapleton,132,4,JEFFERSON
217,Jefferson,Avera,35,0,JEFFERSON
210,Jenkins,Jenkins Co,328,4,JENKINS
264,Jenkins,Court House,299,1,JENKINS
446,Jenkins,Perkins,127,2,JENKINS
529,Jenkins,Senior Citizens Bld,76,2,JENKINS
397,Jenkins,Four Points,169,2,JENKINS
1122,Johnson,Wrightsville,746,9,JOHNSON
432,Johnson,Smith,45,1,JOHNSON
423,Johnson,Bray,130,0,JOHNSON
547,Johnson,Kite,27,1,JOHNSON
1358,Jones,GRAY,417,9,JONES
701,Jones,HAWKINS,1152,9,JONES
703,Jones,ETHRIDGE,378,5,JONES
1171,Jones,CLINTON,329,4,JONES
931,Jones,ROBERTS,476,11,JONES
831,Jones,DAVIDSON,147,5,JONES
771,Jones,POPE,368,2,JONES
623,Jones,BARRON,230,4,JONES
91,Jones,SANDERS,24,1,JONES
1251,Jones,FINNEY,410,15,JONES
360,Lamar,BARNESVILLE FBC,910,8,LAMAR
712,Lamar,CHAPPELL MILL V. FD,169,2,LAMAR
490,Lamar,SENIOR CITIZEN BLDG,270,4,LAMAR
332,Lamar,REDBONE,66,2,LAMAR
1305,Lamar,L C S C,373,22,LAMAR
1896,Lamar,MILNER,406,19,LAMAR
1907,Lanier,Lakeland,759,9,LANIER
1714,Laurens,Family Life Center,837,19,LAURENS
699,Laurens,Calhoun Park,2062,11,LAURENS
1820,Laurens,Fire Dept Sta #5,563,14,LAURENS
349,Laurens,Buckeye,282,1,LAURENS
242,Laurens,Burch,53,1,LAURENS
418,Laurens,Cadwell,52,3,LAURENS
790,Laurens,Brewton,174,4,LAURENS
656,Laurens,Dudley,137,3,LAURENS
1004,Laurens,Hampton Mill,128,8,LAURENS
136,Laurens,Harvard,114,0,LAURENS
516,Laurens,Minter,24,4,LAURENS
980,Laurens,Rural Fire Sta #17,281,6,LAURENS
1020,Laurens,W T Adams Firestation,410,11,LAURENS
473,Laurens,Reedy Springs,81,0,LAURENS
886,Laurens,Smith,737,2,LAURENS
774,Laurens,LCFS 10 (Valambrosia),419,5,LAURENS
163,Lee,Chokee,156,0,LEE
2279,Lee,Redbone,580,18,LEE
334,Lee,Smithville,245,6,LEE
371,Lee,CJC,49,1,LEE
1368,Lee,Leesburg,510,9,LEE
632,Lee,Friendship Bapt,116,1,LEE
1892,Lee,First Baptist,649,18,LEE
695,Lee,SDA Church,159,6,LEE
1087,Lee,Sovereign Grace,349,7,LEE
1293,Lee,Century Fire Station,541,13,LEE
123,Liberty,Riceboro Youth Center,568,0,LIBERTY
364,Liberty,Lyman Hall School,1349,17,LIBERTY
716,Liberty,Lewis Frasier School,1265,17,LIBERTY
152,Liberty,Memorial Dr. East,684,3,LIBERTY
62,Liberty,Button Gwinnett,156,4,LIBERTY
282,Liberty,Town of Allenhurst,905,8,LIBERTY
438,Liberty,Hinesville,437,13,LIBERTY
1031,Liberty,Liberty County Complex,1311,12,LIBERTY
224,Liberty,Walthourville City Hall,955,9,LIBERTY
72,Liberty,Fleming West,218,2,LIBERTY
1161,Liberty,Fleming East,434,11,LIBERTY
634,Liberty,Gum Branch,533,10,LIBERTY
294,Liberty,Hinesville Lodge 271,871,9,LIBERTY
236,Lincoln,Midway,94,3,LINCOLN
204,Lincoln,Lincoln Club House,288,3,LINCOLN
760,Lincoln,Lincoln Center,216,7,LINCOLN
197,Lincoln,Faith Temple of Linc,109,2,LINCOLN
365,Lincoln,Tabernacle,296,3,LINCOLN
304,Lincoln,Bethany Church,59,3,LINCOLN
689,Lincoln,Martins Crossroad,125,4,LINCOLN
376,Long,Beards Creek,252,4,LONG
742,Long,Rye Patch/Oak Dale,366,6,LONG
231,Long,South Ludowici,236,4,LONG
437,Long,North Ludowici,332,13,LONG
374,Long,Tibet,65,5,LONG
128,Long,Alma Flournoy,32,1,LONG
294,Long,Faith Baptist Annex,87,3,LONG
2373,Lowndes,Hahira,521,23,LOWNDES
2996,Lowndes,Trinity,2547,45,LOWNDES
5608,Lowndes,Northside,6834,79,LOWNDES
490,Lowndes,Naylor,255,2,LOWNDES
3403,Lowndes,Rainwater,1618,36,LOWNDES
193,Lowndes,Mildred,1465,6,LOWNDES
1553,Lowndes,Clyatt,600,14,LOWNDES
1909,Lowndes,Dasher,343,16,LOWNDES
1698,Lowndes,S Lowndes,391,16,LOWNDES
9149,Lumpkin,Dahlonega,2224,172,LUMPKIN
475,Macon,Ideal,357,3,MACON
307,Macon,Oglethorpe,479,2,MACON
297,Macon,Marshallville,519,3,MACON
319,Macon,Montezuma 4,644,1,MACON
158,Macon,Montezuma 5,653,0,MACON
1369,Madison,Colbert,492,14,MADISON
326,Madison,Collins,51,1,MADISON
569,Madison,Comer,234,7,MADISON
1472,Madison,Danielsville,233,14,MADISON
202,Madison,Fork,104,3,MADISON
345,Madison,Harrison,25,3,MADISON
1591,Madison,Hull,713,23,MADISON
778,Madison,Ila,118,7,MADISON
843,Madison,Mill,121,7,MADISON
154,Madison,Paoli,23,1,MADISON
981,Madison,Pittman,230,13,MADISON
549,Madison,Poca,74,7,MADISON
467,Marion,Pineknot,40,5,MARION
635,Marion,Buena Vista,863,6,MARION
199,Marion,Tazewell,23,2,MARION
238,Marion,Brantley,31,2,MARION
333,Marion,Ft. Perry,78,7,MARION
115,McDuffie,131 - Queen of Angels,465,1,MCDUFFIE
857,McDuffie,132 - Augusta Tech,74,8,MCDUFFIE
485,McDuffie,133A - Fort Creek,195,2,MCDUFFIE
881,McDuffie,133B - Dearing Gym,231,13,MCDUFFIE
467,McDuffie,134 - Vanderhorst,634,4,MCDUFFIE
1213,McDuffie,135 - Sweetwater,535,8,MCDUFFIE
142,McDuffie,136 - Thomson Depot,778,2,MCDUFFIE
659,McDuffie,137 - Marshall Church,128,1,MCDUFFIE
368,McDuffie,139 - Whiteoak,204,1,MCDUFFIE
9,McIntosh,Sapelo Island,30,0,MCINTOSH
233,McIntosh,Townsend,106,1,MCINTOSH
416,McIntosh,Crescent,722,4,MCINTOSH
820,McIntosh,Darien,574,6,MCINTOSH
996,McIntosh,South Newport,332,10,MCINTOSH
744,McIntosh,North Darien,397,8,MCINTOSH
261,Meriwether,CHALYBEATE,36,1,MERIWETHER
587,Meriwether,MANCHESTER GILL I,279,8,MERIWETHER
113,Meriwether,MANCHESTER GILL II,444,5,MERIWETHER
115,Meriwether,ODESSADALE,78,0,MERIWETHER
520,Meriwether,GREENVILLE,568,2,MERIWETHER
362,Meriwether,LONE OAK,350,6,MERIWETHER
845,Meriwether,LUTHERSVILLE,567,13,MERIWETHER
520,Meriwether,ALVATON,298,2,MERIWETHER
177,Meriwether,GAY,64,0,MERIWETHER
420,Meriwether,WOODBURY,402,7,MERIWETHER
513,Meriwether,WARM SPRINGS,210,6,MERIWETHER
270,Meriwether,DURAND,131,4,MERIWETHER
250,Meriwether,RALEIGH,59,1,MERIWETHER
136,Meriwether,COVE,8,1,MERIWETHER
1802,Miller,Colquitt-Miller,500,10,MILLER
347,Mitchell,Baconton,288,3,MITCHELL
330,Mitchell,Branchville,61,0,MITCHELL
204,Mitchell,Camilla North,878,2,MITCHELL
1067,Mitchell,Camilla South,960,4,MITCHELL
246,Mitchell,Cotton,15,0,MITCHELL
175,Mitchell,Hopeful,41,0,MITCHELL
107,Mitchell,Hinsonton,11,0,MITCHELL
576,Mitchell,Lester,120,2,MITCHELL
95,Mitchell,Pebble City,14,0,MITCHELL
854,Mitchell,Pelham,795,11,MITCHELL
180,Mitchell,Sale City,59,1,MITCHELL
1314,Monroe,BENTONS,304,20,MONROE
676,Monroe,BRANTLEYS,93,10,MONROE
1380,Monroe,BURGAYS,286,9,MONROE
338,Monroe,CABANISS,124,9,MONROE
384,Monroe,COX,95,2,MONROE
187,Monroe,CULLODEN,105,5,MONROE
475,Monroe,DILLARDS,108,5,MONROE
979,Monroe,EVERS,226,8,MONROE
1065,Monroe,FORSYTH,1486,15,MONROE
817,Monroe,HIGH FALLS,152,10,MONROE
240,Monroe,KELSEYS,214,4,MONROE
720,Monroe,MIDDLEBROOKS,131,11,MONROE
480,Monroe,PROCTORS,137,6,MONROE
245,Monroe,RUSSELLVILLE,53,0,MONROE
224,Montgomery,Ailey,90,3,MONTGOMERY
312,Montgomery,Alston,34,1,MONTGOMERY
690,Montgomery,Higgston,158,4,MONTGOMERY
320,Montgomery,Kibbee,24,0,MONTGOMERY
493,Montgomery,Mount Vernon,358,7,MONTGOMERY
213,Montgomery,Tarrytown,14,3,MONTGOMERY
433,Montgomery,Uvalda,142,3,MONTGOMERY
772,Morgan,Northeast Morgan,1085,15,MORGAN
1149,Morgan,East Morgan,297,12,MORGAN
440,Morgan,Beth/Springfield,120,6,MORGAN
1310,Morgan,Central Morgan,444,16,MORGAN
417,Morgan,Clacks Chapel,65,3,MORGAN
1408,Morgan,West Morgan,316,11,MORGAN
1308,Morgan,North Morgan,345,13,MORGAN
1055,Murray,MCDONALD,148,10,MURRAY
1216,Murray,SHUCK PEN,216,11,MURRAY
1224,Murray,SOUTHWEST,158,10,MURRAY
1543,Murray,SPRING PLACE,298,9,MURRAY
2570,Murray,TOWN,448,35,MURRAY
900,Murray,CARTERS-DOOLITTLE,111,7,MURRAY
1004,Murray,NORTH,110,8,MURRAY
588,Muscogee,WYNNTON/BRITT,1861,11,MUSCOGEE
52,Muscogee,CARVER/MACK,2001,3,MUSCOGEE
136,Muscogee,ST JOHN/BELVEDERE,2719,4,MUSCOGEE
841,Muscogee,BRITT DAVID BAPT CH,462,20,MUSCOGEE
1231,Muscogee,ST PETER U. M. C.,625,10,MUSCOGEE
1984,Muscogee,CORNERSTONE CHURCH,1194,37,MUSCOGEE
845,Muscogee,COLUMBUS TECH,689,15,MUSCOGEE
2807,Muscogee,ST. MARK/HEIFERHORN,1110,29,MUSCOGEE
1378,Muscogee,WYNNBROOK,489,13,MUSCOGEE
90,Muscogee,CUSSETA RD,2056,4,MUSCOGEE
433,Muscogee,OUR LADY OF LOURDES,2837,18,MUSCOGEE
104,Muscogee,MT. PILGRIM,2928,9,MUSCOGEE
148,Muscogee,FAITH TABERNACLE,2079,4,MUSCOGEE
425,Muscogee,FORT/WADDELL,2675,17,MUSCOGEE
383,Muscogee,ROTHSCHILD,3085,14,MUSCOGEE
1434,Muscogee,GENTIAN/REESE @LDS,1420,23,MUSCOGEE
1942,Muscogee,ST PAUL/CLUBVIEW,1268,50,MUSCOGEE
1803,Muscogee,MOON/MORNINGSIDE,957,39,MUSCOGEE
2423,Muscogee,ST. ANDREWS/MIDLAND,1840,30,MUSCOGEE
819,Muscogee,SALVATION ARMY,856,19,MUSCOGEE
193,Muscogee,FIRST AFRICAN,543,6,MUSCOGEE
1118,Muscogee,EPWORTH,783,33,MUSCOGEE
274,Muscogee,MARIANNA GALLOPS,775,12,MUSCOGEE
541,Muscogee,EDGEWOOD BAPTIST,1059,12,MUSCOGEE
2309,Muscogee,PSALMOND/MATHEWS,1940,27,MUSCOGEE
279,Newton,City Pond,555,6,NEWTON
477,Newton,Town,1707,12,NEWTON
622,Newton,Almon,2129,10,NEWTON
1434,Newton,Alcovy,1146,17,NEWTON
754,Newton,Covington Mills,853,10,NEWTON
1440,Newton,Brewers,515,17,NEWTON
1222,Newton,Brick Store,408,16,NEWTON
543,Newton,Cedar Shoals,776,22,NEWTON
594,Newton,Livingston,1742,18,NEWTON
1631,Newton,Downs,1809,29,NEWTON
1988,Newton,Gum Creek,718,13,NEWTON
526,Newton,Beaverdam,2277,15,NEWTON
1053,Newton,Leguinn,276,7,NEWTON
894,Newton,Mansfield,109,6,NEWTON
422,Newton,Newborn,96,0,NEWTON
975,Newton,Oxford,414,10,NEWTON
973,Newton,Rocky Plains,827,14,NEWTON
1162,Newton,Buck Creek,1415,13,NEWTON
625,Newton,Stansells,1827,12,NEWTON
161,Newton,Fairview,1288,11,NEWTON
315,Newton,Crowell,2256,9,NEWTON
1354,Newton,Hub,260,13,NEWTON
986,Oconee,Annex,553,11,OCONEE
885,Oconee,Colham Ferry,347,16,OCONEE
751,Oconee,Antioch,215,7,OCONEE
348,Oconee,Farmington,131,5,OCONEE
951,Oconee,Bishop,381,11,OCONEE
1052,Oconee,High Shoals,346,16,OCONEE
630,Oconee,North Oconee,177,8,OCONEE
1746,Oconee,Dark Corner,397,28,OCONEE
1167,Oconee,Bogart,459,22,OCONEE
2038,Oconee,Malcom Bridge,877,43,OCONEE
1163,Oconee,Athens Academy,698,19,OCONEE
2005,Oconee,Civic Center,972,39,OCONEE
751,Oconee,City Hall,454,24,OCONEE
1428,Oglethorpe,Beaverdam,531,24,OGLETHORPE
1214,Oglethorpe,Crawford,562,20,OGLETHORPE
1924,Oglethorpe,Lexington,750,26,OGLETHORPE
6730,Paulding,SHELTON ELEM SCHOOL,2877,67,PAULDING
2914,Paulding,BURNT HICKORY PARK,513,34,PAULDING
3006,Paulding,MOSES MIDDLE SCHOOL,1339,46,PAULDING
5828,Paulding,WEST RIDGE CHURCH,2593,78,PAULDING
3177,Paulding,WATSON GOVT COMPLEX,2103,63,PAULDING
2006,Paulding,SARA RAGSDALE ELM SC,579,23,PAULDING
2011,Paulding,PAULDING CO HIGH SC,1059,34,PAULDING
2373,Paulding,HIRAM HIGH SCHOOL,3003,40,PAULDING
2988,Paulding,TAYLOR FARM PARK,2522,36,PAULDING
2684,Paulding,AUSTIN MIDDLE SCHOOL,1447,54,PAULDING
4032,Paulding,NEBO ELEMENTARY SCH,1357,54,PAULDING
2974,Paulding,CARL SCOGGINS MID SC,499,29,PAULDING
1206,Peach,BYRON #1,441,8,PEACH
1873,Peach,BYRON #2,1049,16,PEACH
466,Peach,CLAUDE,84,6,PEACH
587,Peach,FORT VALLEY #1,880,4,PEACH
442,Peach,FORT VALLEY #2,919,6,PEACH
189,Peach,FORT VALLEY #3,1326,5,PEACH
644,Peach,POWERSVILLE,202,2,PEACH
1731,Pickens,YELLOW CREEK,338,16,PICKENS
1433,Pickens,SHARPTOP,342,16,PICKENS
923,Pickens,APPALACHIAN,173,8,PICKENS
1242,Pickens,REFUGE,164,11,PICKENS
887,Pickens,HILL,155,14,PICKENS
417,Pickens,HINTON,49,2,PICKENS
556,Pickens,JERUSALEM,61,6,PICKENS
326,Pickens,LUDVILLE,24,4,PICKENS
715,Pickens,NELSON,117,12,PICKENS
849,Pickens,TALKING ROCK,99,8,PICKENS
942,Pickens,JASPER,234,17,PICKENS
1305,Pickens,TATE,143,16,PICKENS
1474,Pierce,Hacklebarney/Cason,336,6,PIERCE
1473,Pierce,Blackshear,155,8,PIERCE
876,Pierce,St Johns/Blackshear,48,4,PIERCE
719,Pierce,Otter Creek,49,1,PIERCE
620,Pierce,Patterson,104,2,PIERCE
341,Pierce,Mershon,19,1,PIERCE
430,Pierce,Alabaha,23,1,PIERCE
187,Pierce,Sunset/Sweat,4,0,PIERCE
728,Pike,Concord,187,2,PIKE
972,Pike,Hollonville,91,11,PIKE
747,Pike,Meansville,89,5,PIKE
789,Pike,Molena,143,8,PIKE
1461,Pike,Second District,173,8,PIKE
624,Pike,Lifsey Springs,81,6,PIKE
983,Pike,Williamson,111,8,PIKE
1011,Pike,Zebulon,287,9,PIKE
1393,Polk,ARAGON,252,10,POLK
728,Polk,BLOOMING GROVE,145,6,POLK
2100,Polk,CEDARTOWN,939,28,POLK
1217,Polk,FISH CREEK,223,15,POLK
1484,Polk,LAKE CREEK,218,9,POLK
2301,Polk,ROCKMART,708,21,POLK
952,Polk,YOUNGS GROVE,101,7,POLK
2527,Pulaski,COURTHOUSE ANNEX,1079,16,PULASKI
996,Putnam,101,813,6,PUTNAM
961,Putnam,104,888,5,PUTNAM
2021,Putnam,105,341,17,PUTNAM
679,Putnam,106,107,6,PUTNAM
2034,Putnam,107,408,18,PUTNAM
484,Quitman,Georgetown,375,7,QUITMAN
38,Quitman,Morris,35,1,QUITMAN
6063,Rabun,Rabun,1428,87,RABUN
78,Randolph,Coleman,70,1,RANDOLPH
189,Randolph,Shellman,305,1,RANDOLPH
168,Randolph,Benevolence,79,2,RANDOLPH
409,Randolph,Cuthbert/Courthouse,721,7,RANDOLPH
3,Randolph,Cuthbert,198,2,RANDOLPH
226,Randolph,Carnegie,22,0,RANDOLPH
49,Randolph,Fountain Bridge-5th,4,1,RANDOLPH
62,Randolph,Springvale,110,0,RANDOLPH
72,Randolph,4th District,9,0,RANDOLPH
249,Richmond,101,275,10,RICHMOND
160,Richmond,102,513,10,RICHMOND
20,Richmond,103,654,4,RICHMOND
73,Richmond,104,1321,8,RICHMOND
14,Richmond,105,358,0,RICHMOND
106,Richmond,106,312,7,RICHMOND
539,Richmond,107,578,14,RICHMOND
24,Richmond,108,271,4,RICHMOND
92,Richmond,109,465,8,RICHMOND
109,Richmond,111,527,4,RICHMOND
139,Richmond,112,254,8,RICHMOND
35,Richmond,114,334,1,RICHMOND
86,Richmond,115,94,0,RICHMOND
15,Richmond,201,628,2,RICHMOND
562,Richmond,202,1358,7,RICHMOND
5,Richmond,203,467,2,RICHMOND
426,Richmond,204,416,10,RICHMOND
107,Richmond,207,1007,4,RICHMOND
173,Richmond,208,1041,5,RICHMOND
100,Richmond,210,722,9,RICHMOND
1108,Richmond,301,581,22,RICHMOND
121,Richmond,302,370,2,RICHMOND
750,Richmond,303,227,8,RICHMOND
143,Richmond,304,104,5,RICHMOND
278,Richmond,305,78,2,RICHMOND
703,Richmond,306,1321,18,RICHMOND
649,Richmond,307,363,13,RICHMOND
119,Richmond,308,169,1,RICHMOND
179,Richmond,309,1666,16,RICHMOND
492,Richmond,310,2040,18,RICHMOND
58,Richmond,401,1217,4,RICHMOND
115,Richmond,402,1227,1,RICHMOND
100,Richmond,404,870,6,RICHMOND
169,Richmond,405,2302,7,RICHMOND
121,Richmond,406,1808,9,RICHMOND
172,Richmond,501,1561,8,RICHMOND
139,Richmond,502,1989,9,RICHMOND
284,Richmond,503,1714,12,RICHMOND
280,Richmond,504,649,5,RICHMOND
55,Richmond,506,155,0,RICHMOND
104,Richmond,507,376,3,RICHMOND
137,Richmond,509,1060,7,RICHMOND
388,Richmond,601,1246,10,RICHMOND
908,Richmond,603,875,22,RICHMOND
269,Richmond,604,629,8,RICHMOND
619,Richmond,605,1170,8,RICHMOND
43,Richmond,607,973,8,RICHMOND
520,Richmond,608,289,11,RICHMOND
1010,Richmond,701,572,27,RICHMOND
757,Richmond,702,396,17,RICHMOND
1040,Richmond,703,1249,31,RICHMOND
820,Richmond,705,631,12,RICHMOND
1294,Richmond,706,786,27,RICHMOND
416,Richmond,707,637,9,RICHMOND
136,Richmond,708,62,3,RICHMOND
187,Richmond,709,166,4,RICHMOND
195,Richmond,801,79,3,RICHMOND
215,Richmond,801B,62,3,RICHMOND
1031,Richmond,802,522,13,RICHMOND
0,Richmond,803,22,0,RICHMOND
424,Richmond,804,614,7,RICHMOND
864,Richmond,804H,739,10,RICHMOND
128,Richmond,805,278,2,RICHMOND
426,Richmond,806,240,8,RICHMOND
167,Richmond,807,544,4,RICHMOND
721,Richmond,808,610,4,RICHMOND
22,Richmond,809,493,1,RICHMOND
147,Richmond,810,100,2,RICHMOND
1156,Rockdale,Barksdale,1733,20,ROCKDALE
1404,Rockdale,Bethel,800,16,ROCKDALE
384,Rockdale,Conyers,1343,8,ROCKDALE
549,Rockdale,Fieldstone,3052,22,ROCKDALE
515,Rockdale,Flat Shoals,1782,13,ROCKDALE
792,Rockdale,Honey Creek,709,10,ROCKDALE
718,Rockdale,Hightower,1242,12,ROCKDALE
286,Rockdale,The Lakes,685,8,ROCKDALE
1112,Rockdale,Lorraine,1430,15,ROCKDALE
922,Rockdale,Magnet,876,9,ROCKDALE
432,Rockdale,Milstead,1608,16,ROCKDALE
396,Rockdale,Olde Towne,2369,9,ROCKDALE
765,Rockdale,Rockdale,1826,11,ROCKDALE
698,Rockdale,Smyrna,1883,21,ROCKDALE
671,Rockdale,St. Pius,2081,19,ROCKDALE
849,Rockdale,Stanton,1135,18,ROCKDALE
1563,Schley,Precinct One,353,15,SCHLEY
385,Screven,Sylvania,289,2,SCREVEN
196,Screven,Hunters,100,0,SCREVEN
374,Screven,Newington,220,2,SCREVEN
334,Screven,Jenk Hill Fire Sta,328,2,SCREVEN
252,Screven,Rocky Ford,77,2,SCREVEN
474,Screven,Bay Branch,85,1,SCREVEN
298,Screven,Hiltonia,257,0,SCREVEN
107,Screven,Screven Rec Dept,123,0,SCREVEN
395,Screven,Greenhill Church,105,2,SCREVEN
215,Screven,Sr Citizens Center,392,3,SCREVEN
188,Screven,Jackson Fire Station,47,1,SCREVEN
45,Screven,Cooperville Fire Sta,106,0,SCREVEN
564,Seminole,Precinct 1,273,1,SEMINOLE
414,Seminole,Precinct 2,197,2,SEMINOLE
76,Seminole,Precinct 3,412,4,SEMINOLE
519,Seminole,Precinct 4,116,3,SEMINOLE
569,Seminole,Precinct 5,56,7,SEMINOLE
77,Spalding,01 SECOND BAPTIST CH,711,9,SPALDING
59,Spalding,02 FAIRMONT,747,5,SPALDING
1376,Spalding,03 SENIOR CENTER,395,31,SPALDING
705,Spalding,05 UGA CAMPUS,953,17,SPALDING
181,Spalding,06 CITY PARK,803,8,SPALDING
863,Spalding,07 FIRST METHODIST,198,14,SPALDING
834,Spalding,08 ST. JOHN LUTHERAN CHURCH,271,6,SPALDING
884,Spalding,09 UNION BAPTIST CHURCH,135,13,SPALDING
734,Spalding,10 CARVER FIRE STATION,415,9,SPALDING
999,Spalding,11 FIRST PRESBYTERIAN CHURCH,447,10,SPALDING
1006,Spalding,12 LIBERTY SPRINGS BAPT CHURCH,195,7,SPALDING
1190,Spalding,13 COUNTY LINE METHODIST CHURCH,157,14,SPALDING
680,Spalding,14 SUNNYSIDE METHODI,242,10,SPALDING
678,Spalding,16 GARY REID FIRE STATION,1551,5,SPALDING
609,Spalding,17 AMBUCS PARK GYM,328,5,SPALDING
1145,Spalding,19 FIRST ASSEMBLY OF GOD CHURCH,440,7,SPALDING
1068,Spalding,20 ROBERTS FIRE STATION,206,17,SPALDING
1839,Spalding,21 EAGLES LANDING BAPTIST,1043,34,SPALDING
7307,Stephens,Senior Center,1682,69,STEPHENS
328,Stewart,Richland,450,1,STEWART
75,Stewart,Louvale,95,1,STEWART
273,Stewart,Lumpkin,427,2,STEWART
69,Stewart,Omaha,62,1,STEWART
340,Sumter,C1-27 Rees Park,1158,8,SUMTER
973,Sumter,C2-27 GSWF Conf Center,747,12,SUMTER
266,Sumter,C3-27 Rec Dept,1247,5,SUMTER
681,Sumter,E-27 Airport,534,2,SUMTER
235,Sumter,N-26 Concord,32,0,SUMTER
347,Sumter,O-26 Plains,317,4,SUMTER
761,Sumter,W-27 AG Center,465,8,SUMTER
693,Sumter,15 Leslie,383,3,SUMTER
198,Sumter,17 Thomson,189,3,SUMTER
435,Sumter,28 Chambliss,214,2,SUMTER
218,Sumter,29 Andersonville,65,0,SUMTER
163,Talbot,ONEAL,212,5,TALBOT
257,Talbot,VALLEY,228,2,TALBOT
90,Talbot,JUNCTION CITY,169,1,TALBOT
124,Talbot,GENEVA,176,1,TALBOT
104,Talbot,TALBOTTON,436,4,TALBOT
175,Talbot,BOX SPRINGS,106,4,TALBOT
252,Talbot,FLINT HILL,437,5,TALBOT
69,Taliaferro,Sharon,110,1,TALIAFERRO
280,Taliaferro,Crawfordville,455,2,TALIAFERRO
351,Tattnall,COBBTOWN,65,4,TATTNALL
277,Tattnall,SHILOH,144,4,TATTNALL
662,Tattnall,COLLINS,175,6,TATTNALL
118,Tattnall,MANASSAS,48,0,TATTNALL
889,Tattnall,DISTRICT II,414,7,TATTNALL
1197,Tattnall,EAST GLENNVILLE,220,5,TATTNALL
1029,Tattnall,DISTRICT IV,408,8,TATTNALL
545,Tattnall,DISTRICT V,60,2,TATTNALL
104,Taylor,#1 BUTLER FIRE DEPT.,497,5,TAYLOR
1152,Taylor,#5 COURTHOUSE,181,8,TAYLOR
799,Taylor,#6 REYNOLDS,513,6,TAYLOR
387,Telfair,Helena,166,2,TELFAIR
293,Telfair,Jacksonville,96,1,TELFAIR
330,Telfair,Lumber City,266,1,TELFAIR
759,Telfair,McRae,573,10,TELFAIR
489,Telfair,Milan,52,0,TELFAIR
166,Telfair,Scotland,37,2,TELFAIR
388,Terrell,Dawson,1293,6,TERRELL
575,Terrell,Sasser,267,3,TERRELL
287,Terrell,Bronwood,256,4,TERRELL
180,Terrell,Parrott,111,0,TERRELL
259,Terrell,Graves,117,1,TERRELL
108,Terrell,Herod-Dover,75,0,TERRELL
300,Thomas,Barwick,77,0,THOMAS
489,Thomas,Boston,435,4,THOMAS
1312,Thomas,Central,586,10,THOMAS
413,Thomas,Coolidge,127,2,THOMAS
186,Thomas,Douglass,960,2,THOMAS
541,Thomas,Ellabelle,120,2,THOMAS
725,Thomas,Fire Station 2,216,4,THOMAS
1007,Thomas,Gatlin Creek,265,10,THOMAS
252,Thomas,Harper,857,8,THOMAS
807,Thomas,Jerger,421,11,THOMAS
243,Thomas,Meigs,185,2,THOMAS
282,Thomas,Merrillville,126,0,THOMAS
146,Thomas,Metcalfe,49,1,THOMAS
947,Thomas,New Covenant,273,6,THOMAS
533,Thomas,Ochlocknee,108,3,THOMAS
213,Thomas,Patten,39,1,THOMAS
329,Thomas,Pavo,85,1,THOMAS
773,Thomas,Remington ESC,434,7,THOMAS
61,Thomas,Resource Center,695,0,THOMAS
995,Thomas,Scott,540,11,THOMAS
1139,Tift,Tifton Northeast,563,11,TIFT
1342,Tift,Brighton,208,9,TIFT
772,Tift,Brookfield,114,4,TIFT
806,Tift,Chula,118,3,TIFT
690,Tift,Docia,54,4,TIFT
654,Tift,Eldorado,67,6,TIFT
320,Tift,Omega,88,3,TIFT
578,Tift,Ty Ty,152,3,TIFT
1467,Tift,Tifton Northwest,483,9,TIFT
292,Tift,Tifton South,679,3,TIFT
216,Tift,Mott-Littman Gym,1034,5,TIFT
1240,Tift,Tifton Lodge,502,20,TIFT
1396,Toombs,15361 Lyons,454,6,TOOMBS
782,Toombs,39 New Branch,83,4,TOOMBS
781,Toombs,43 Cedar Crossing,53,2,TOOMBS
2356,Toombs,513 V.P.D.,899,17,TOOMBS
1302,Toombs,514 S.T.I.A.L.C,707,7,TOOMBS
1473,Towns,Young Harris,394,19,TOWNS
23,Towns,Tate City,8,0,TOWNS
1798,Towns,Macedonia,310,18,TOWNS
1715,Towns,Hiawassee,352,21,TOWNS
1114,Treutlen,Annex,111,1,TREUTLEN
686,Treutlen,Soperton,695,7,TREUTLEN
1756,Troup,HOLLIS HAND,474,28,TROUP
454,Troup,ADMINISTRATION BLDG,1167,13,TROUP
788,Troup,HAMMETT RD,1350,14,TROUP
48,Troup,GRIGGS CENTER,1044,1,TROUP
322,Troup,WEST POINT,687,6,TROUP
1041,Troup,HOGANSVILLE,582,12,TROUP
1560,Troup,EAST VERNON,340,18,TROUP
1846,Troup,ROSEMONT,324,10,TROUP
736,Troup,MOUNTVILLE,384,9,TROUP
1682,Troup,MCLENDON,476,13,TROUP
1409,Troup,LONG CANE,468,13,TROUP
687,Troup,GARDNER NEWMAN,441,5,TROUP
777,Troup,GRAY HILL,277,3,TROUP
394,Troup,HIGHLAND,465,8,TROUP
905,Troup,NORTHSIDE,619,7,TROUP
917,Turner,Ashburn,1057,10,TURNER
890,Turner,Sycamore,109,2,TURNER
250,Turner,Rebecca,28,0,TURNER
627,Twiggs,DRY BRANCH,161,8,TWIGGS
399,Twiggs,GOLDEN ISLES,606,5,TWIGGS
369,Twiggs,HIGGSVILLE,119,2,TWIGGS
353,Twiggs,JEFFERSONVILLE/WARE,611,2,TWIGGS
248,Twiggs,SHADY GROVE/TARVERS,277,0,TWIGGS
1185,Union,Blairsville,241,15,UNION
1205,Union,Coosa,173,11,UNION
734,Union,Choestoe,132,7,UNION
1040,Union,Jones Creek,183,15,UNION
831,Union,Owltown,169,12,UNION
1028,Union,Ivy Log,179,15,UNION
309,Union,Suches,63,4,UNION
602,Union,Trackrock,124,6,UNION
764,Union,Dooley,194,13,UNION
1086,Union,Gumlog,165,11,UNION
1113,Union,Pat Colwell,229,5,UNION
637,Upson,YATESVILLE,210,5,UPSON
39,Upson,SALEM,247,1,UPSON
3840,Upson,REDBONE,1038,25,UPSON
2541,Upson,TOWN,1944,31,UPSON
2417,Walker,LAFAYETTE,561,52,WALKER
996,Walker,WALNUT GROVE,121,12,WALKER
2952,Walker,ROCK SPRING,439,29,WALKER
661,Walker,ARMUCHEE VALLEY,117,6,WALKER
542,Walker,MOUNTAIN,111,8,WALKER
2545,Walker,CHATTANOOGA VALLEY,685,42,WALKER
662,Walker,KENSINGTON,153,6,WALKER
1964,Walker,ROSSVILLE,606,38,WALKER
3107,Walker,CHICKAMAUGA,530,34,WALKER
527,Walker,FAIRYLAND,236,10,WALKER
994,Walker,FAIRVIEW,271,13,WALKER
2341,Walton,Bold Springs,426,16,WALTON
621,Walton,Whatley,85,4,WALTON
1823,Walton,Walker Park,318,14,WALTON
779,Walton,Gratis,86,5,WALTON
2385,Walton,Between,511,31,WALTON
1258,Walton,Walnut Grove,214,9,WALTON
1972,Walton,Loganville North,644,23,WALTON
1747,Walton,Social Circle,719,15,WALTON
1390,Walton,South Monroe,549,18,WALTON
941,Walton,North Monroe,1193,13,WALTON
1503,Walton,Loganville South,588,18,WALTON
2154,Walton,West Walton,412,15,WALTON
2068,Walton,Broken Arrow,369,13,WALTON
1656,Walton,Bay Creek,297,12,WALTON
1025,Walton,E Monroe,684,13,WALTON
1069,Walton,W Monroe,216,8,WALTON
1382,Walton,Tara,850,15,WALTON
738,Walton,Mountain,143,4,WALTON
1114,Walton,Jersey,108,8,WALTON
694,Walton,Blasingame,86,1,WALTON
1044,Walton,Good Hope,160,10,WALTON
304,Ware,District 1,1534,5,WARE
945,Ware,District 2A,404,11,WARE
135,Ware,District 2B,223,2,WARE
1730,Ware,1231-150B,413,11,WARE
486,Ware,1231-150C,79,6,WARE
1780,Ware,1231-151,231,11,WARE
220,Ware,Beach-Bickley,19,3,WARE
329,Ware,Haywood,18,0,WARE
862,Ware,Jamestown,68,5,WARE
280,Ware,Manor,16,0,WARE
281,Ware,Millwood,22,0,WARE
534,Ware,Waresboro,35,1,WARE
1053,Warren,Warrenton,1199,8,WARREN
278,Washington,RIDDLEVILLE,125,1,WASHINGTON
292,Washington,WARTHEN,212,2,WASHINGTON
631,Washington,TENNILLE,881,1,WASHINGTON
200,Washington,OCONEE,168,2,WASHINGTON
427,Washington,HARRISON,227,2,WASHINGTON
294,Washington,DAVISBORO,219,4,WASHINGTON
1720,Washington,SANDERSVILLE,2077,15,WASHINGTON
281,Washington,DEEPSTEP,95,2,WASHINGTON
744,Wayne,Odum,63,3,WAYNE
678,Wayne,Madray Springs,39,2,WAYNE
930,Wayne,Oglethorpe,106,7,WAYNE
956,Wayne,Screven,167,7,WAYNE
620,Wayne,Empire,35,6,WAYNE
444,Wayne,Red Hill,92,3,WAYNE
1064,Wayne,Altamaha,253,12,WAYNE
584,Wayne,Gardi,52,2,WAYNE
97,Wayne,VFW,437,1,WAYNE
330,Wayne,Pine Street,242,4,WAYNE
833,Wayne,Unity,269,10,WAYNE
832,Wayne,Rec Center,182,13,WAYNE
659,Webster,Preston 1,440,1,WEBSTER
813,Wheeler,Alamo,363,4,WHEELER
559,Wheeler,Glenwood,192,0,WHEELER
1168,White,Blue Creek,236,19,WHITE
431,White,Blue Ridge,62,6,WHITE
269,White,Helen,82,6,WHITE
1517,White,Mossy Creek,150,14,WHITE
2021,White,Mt. Yonah,376,19,WHITE
735,White,Nacoochee,287,11,WHITE
175,White,Robertstown,46,3,WHITE
1108,White,Shoal Creek,124,19,WHITE
557,White,Tesnatee,91,7,WHITE
782,White,Town Creek,121,13,WHITE
895,White,White Creek,72,8,WHITE
457,Whitfield,1A,481,13,WHITFIELD
1198,Whitfield,2A,492,21,WHITFIELD
826,Whitfield,3A,405,10,WHITFIELD
1022,Whitfield,4A,523,20,WHITFIELD
191,Whitfield,5A,571,4,WHITFIELD
140,Whitfield,6A,405,3,WHITFIELD
454,Whitfield,AN,446,8,WHITFIELD
710,Whitfield,CA,133,4,WHITFIELD
599,Whitfield,CO,124,7,WHITFIELD
1266,Whitfield,DG,474,19,WHITFIELD
487,Whitfield,ES,237,6,WHITFIELD
762,Whitfield,FI,275,4,WHITFIELD
717,Whitfield,GL,410,11,WHITFIELD
594,Whitfield,LT,70,4,WHITFIELD
776,Whitfield,MC,112,9,WHITFIELD
1112,Whitfield,NI,181,8,WHITFIELD
1895,Whitfield,PG,600,23,WHITFIELD
1528,Whitfield,TH,343,16,WHITFIELD
312,Whitfield,TI,50,2,WHITFIELD
725,Whitfield,TR,86,8,WHITFIELD
467,Whitfield,UT,71,5,WHITFIELD
2331,Whitfield,VA,530,28,WHITFIELD
1174,Whitfield,WS,292,13,WHITFIELD
62,Wilcox,Rochelle North 1,227,0,WILCOX
139,Wilcox,Abbeville North 2,103,0,WILCOX
235,Wilcox,Pineview 2,154,2,WILCOX
487,Wilcox,Pitts 3,55,2,WILCOX
588,Wilcox,Rochelle South 4,78,1,WILCOX
553,Wilcox,Abbeville South 5,128,1,WILCOX
348,Wilkes,Senior Citizen Center,573,2,WILKES
684,Wilkes,Young Farmer's Bldg,146,9,WILKES
311,Wilkes,Metasville Fire Station,96,3,WILKES
184,Wilkes,Edward B Pope Center,406,2,WILKES
233,Wilkes,Rayle City Hall,125,5,WILKES
464,Wilkes,Courthouse,206,2,WILKES
354,Wilkes,Tignall Sch Lunch RM,215,2,WILKES
275,Wilkinson,Bloodworth,23,1,WILKINSON
109,Wilkinson,Griffin,27,2,WILKINSON
102,Wilkinson,High Hill,21,0,WILKINSON
237,Wilkinson,Irwinton,318,0,WILKINSON
481,Wilkinson,Ivey,60,3,WILKINSON
257,Wilkinson,Lord,219,1,WILKINSON
118,Wilkinson,Midway,482,0,WILKINSON
579,Wilkinson,Ramah,645,5,WILKINSON
214,Wilkinson,Turkey Creek,81,3,WILKINSON
511,Worth,Sylvester,891,1,WORTH
341,Worth,Scooterville,15,2,WORTH
318,Worth,Minton,21,3,WORTH
608,Worth,Bridgeboro,94,5,WORTH
332,Worth,County Line,63,1,WORTH
782,Worth,Isabella,79,2,WORTH
97,Worth,Piney Woods,64,0,WORTH
642,Worth,Sylver East,153,7,WORTH
415,Worth,Poulan,81,0,WORTH
419,Worth,Sumner,81,2,WORTH
344,Worth,Shingler,38,2,WORTH
481,Worth,Red Rock,125,7,WORTH
237,Worth,Doles,19,2,WORTH
86,Worth,Oakfield,50,1,WORTH
291,Worth,Warwick,116,2,WORTH
